x_m,y_m,w_tr_right_m,w_tr_left_m,w_re_right_m,w_re_left_m
0.064604056,0.076137999,0.85,0.85,0.85,0.85
0.099573364,0.074996163,0.85,0.85,0.85,0.85
0.136841044,0.075630166,0.85,0.85,0.85,0.85
0.174182277,0.074510326,0.85,0.85,0.85,0.85
0.211477868,0.102601515,0.85,0.85,0.85,0.85
0.383333647,0.129788908,0.85,0.85,0.85,0.85
0.389893734,0.131742365,0.85,0.85,0.85,0.85
0.402825198,0.135592635,0.85,0.85,0.85,0.85
0.421769502,0.141230306,0.85,0.85,0.85,0.85
0.446237442,0.148505663,0.85,0.85,0.85,0.85
0.47565182,0.157238552,0.85,0.85,0.85,0.85
0.50939664,0.16723485,0.85,0.85,0.85,0.85
0.54685713,0.178298898,0.85,0.85,0.85,0.85
0.587451039,0.190245211,0.85,0.85,0.85,0.85
0.630649132,0.20290777,0.85,0.85,0.85,0.85
0.675981613,0.216142076,0.85,0.85,0.85,0.85
0.723042766,0.229829785,0.85,0.85,0.85,0.85
0.771484199,0.243873875,0.85,0.85,0.85,0.85
0.821009288,0.25819528,0.85,0.85,0.85,0.85
0.871369637,0.272730604,0.85,0.85,0.85,0.85
0.92235475,0.287423603,0.85,0.85,0.85,0.85
0.973791564,0.30222617,0.85,0.85,0.85,0.85
1.025540663,0.317094207,0.85,0.85,0.85,0.85
1.077494814,0.331990257,0.85,0.85,0.85,0.85
1.129581241,0.346884358,0.85,0.85,0.85,0.85
1.181762494,0.361758369,0.85,0.85,0.85,0.85
1.234042166,0.37660998,0.85,0.85,0.85,0.85
1.286466717,0.391454168,0.85,0.85,0.85,0.85
1.339133318,0.406326612,0.85,0.85,0.85,0.85
1.392189691,0.421282037,0.85,0.85,0.85,0.85
1.445835309,0.436393976,0.85,0.85,0.85,0.85
1.500317613,0.451748844,0.85,0.85,0.85,0.85
1.555923392,0.467442967,0.85,0.85,0.85,0.85
1.61296573,0.483574361,0.85,0.85,0.85,0.85
1.671765327,0.500239056,0.85,0.85,0.85,0.85
1.732627868,0.51752386,0.85,0.85,0.85,0.85
1.795824447,0.535505047,0.85,0.85,0.85,0.85
1.861569769,0.554246846,0.85,0.85,0.85,0.85
1.930007536,0.573802404,0.85,0.85,0.85,0.85
2.00120349,0.59421924,0.85,0.85,0.85,0.85
2.075140946,0.61554178,0.85,0.85,0.85,0.85
2.151725264,0.637819164,0.85,0.85,0.85,0.85
2.230785865,0.661104777,0.85,0.85,0.85,0.85
2.31207926,0.685458117,0.85,0.85,0.85,0.85
2.395289217,0.710938868,0.85,0.85,0.85,0.85
2.480022831,0.737597671,0.85,0.85,0.85,0.85
2.565811998,0.76546678,0.85,0.85,0.85,0.85
2.652116357,0.794547696,0.85,0.85,0.85,0.85
2.738335335,0.824798087,0.85,0.85,0.85,0.85
2.82383205,0.856126341,0.85,0.85,0.85,0.85
2.907964088,0.888386289,0.85,0.85,0.85,0.85
2.990121733,0.921379163,0.85,0.85,0.85,0.85
3.069763468,0.954857328,0.85,0.85,0.85,0.85
3.146447316,0.988533233,0.85,0.85,0.85,0.85
3.219850427,1.022089185,0.85,0.85,0.85,0.85
3.289778065,1.055189898,0.85,0.85,0.85,0.85
3.356160675,1.087495452,0.85,0.85,0.85,0.85
3.419039344,1.118672283,0.85,0.85,0.85,0.85
3.478552033,1.148409321,0.85,0.85,0.85,0.85
3.534915204,1.176431201,0.85,0.85,0.85,0.85
3.588401557,1.202509355,0.85,0.85,0.85,0.85
3.639329775,1.226476739,0.85,0.85,0.85,0.85
3.688047422,1.24823509,0.85,0.85,0.85,0.85
3.734917891,1.267760211,0.85,0.85,0.85,0.85
3.78031295,1.285103277,0.85,0.85,0.85,0.85
3.824602142,1.300385063,0.85,0.85,0.85,0.85
3.868148524,1.313787187,0.85,0.85,0.85,0.85
3.911296206,1.325535523,0.85,0.85,0.85,0.85
3.954369062,1.335885243,0.85,0.85,0.85,0.85
3.997660706,1.345100943,0.85,0.85,0.85,0.85
4.041431959,1.35344123,0.85,0.85,0.85,0.85
4.085904533,1.361143811,0.85,0.85,0.85,0.85
4.131257059,1.368415166,0.85,0.85,0.85,0.85
4.177625522,1.375424936,0.85,0.85,0.85,0.85
4.225104014,1.382304802,0.85,0.85,0.85,0.85
4.273752467,1.389151489,0.85,0.85,0.85,0.85
4.323605951,1.396033317,0.85,0.85,0.85,0.85
4.374689371,1.402999648,0.85,0.85,0.85,0.85
4.427036626,1.410092528,0.85,0.85,0.85,0.85
4.480712069,1.41735976,0.85,0.85,0.85,0.85
4.535834458,1.424868365,0.85,0.85,0.85,0.85
4.592599425,1.432717599,0.85,0.85,0.85,0.85
4.651294828,1.441047622,0.85,0.85,0.85,0.85
4.712306617,1.450046993,0.85,0.85,0.85,0.85
4.776107633,1.459949853,0.85,0.85,0.85,0.85
4.843225936,1.471029614,0.85,0.85,0.85,0.85
4.914194839,1.483581387,0.85,0.85,0.85,0.85
4.989481589,1.49789966,0.85,0.85,0.85,0.85
5.069411688,1.514250851,0.85,0.85,0.85,0.85
5.154094853,1.532848129,0.85,0.85,0.85,0.85
5.24336837,1.55382648,0.85,0.85,0.85,0.85
5.336769889,1.577227207,0.85,0.85,0.85,0.85
5.433547141,1.602994547,0.85,0.85,0.85,0.85
5.532705639,1.630981492,0.85,0.85,0.85,0.85
5.633087021,1.660965112,0.85,0.85,0.85,0.85
5.733465767,1.692669004,0.85,0.85,0.85,0.85
5.832647404,1.725787608,0.85,0.85,0.85,0.85
5.929556351,1.760011941,0.85,0.85,0.85,0.85
6.023295737,1.795047825,0.85,0.85,0.85,0.85
6.113177686,1.830631587,0.85,0.85,0.85,0.85
6.198724291,1.866539951,0.85,0.85,0.85,0.85
6.279648467,1.902598509,0.85,0.85,0.85,0.85
6.355814419,1.938685243,0.85,0.85,0.85,0.85
6.427199524,1.974735534,0.85,0.85,0.85,0.85
6.493858913,2.010746539,0.85,0.85,0.85,0.85
6.555894517,2.046776968,0.85,0.85,0.85,0.85
6.613437431,2.082944612,0.85,0.85,0.85,0.85
6.666633954,2.119413634,0.85,0.85,0.85,0.85
6.715644879,2.156378841,0.85,0.85,0.85,0.85
6.760637816,2.194036183,0.85,0.85,0.85,0.85
6.801788051,2.232555842,0.85,0.85,0.85,0.85
6.839279054,2.27205086,0.85,0.85,0.85,0.85
6.873302582,2.312558685,0.85,0.85,0.85,0.85
6.904060594,2.354030623,0.85,0.85,0.85,0.85
6.93176432,2.396340739,0.85,0.85,0.85,0.85
6.956634217,2.439310671,0.85,0.85,0.85,0.85
6.978895449,2.482747578,0.85,0.85,0.85,0.85
6.998770201,2.526487216,0.85,0.85,0.85,0.85
7.016465728,2.570435408,0.85,0.85,0.85,0.85
7.03215969,2.614601721,0.85,0.85,0.85,0.85
7.04598199,2.65911758,0.85,0.85,0.85,0.85
7.057998504,2.704236482,0.85,0.85,0.85,0.85
7.068198619,2.750315264,0.85,0.85,0.85,0.85
7.076490097,2.797777763,0.85,0.85,0.85,0.85
7.082703788,2.847064143,0.85,0.85,0.85,0.85
7.086609487,2.89857077,0.85,0.85,0.85,0.85
7.087942743,2.952587202,0.85,0.85,0.85,0.85
7.086436454,3.009238301,0.85,0.85,0.85,0.85
7.081860144,3.068440417,0.85,0.85,0.85,0.85
7.074049536,3.12988038,0.85,0.85,0.85,0.85
7.06292996,3.193022677,0.85,0.85,0.85,0.85
7.048525417,3.257148733,0.85,0.85,0.85,0.85
7.030954284,3.321423772,0.85,0.85,0.85,0.85
7.01041102,3.38497994,0.85,0.85,0.85,0.85
6.987140213,3.447007073,0.85,0.85,0.85,0.85
6.961410966,3.506832684,0.85,0.85,0.85,0.85
6.933490316,3.563978392,0.85,0.85,0.85,0.85
6.903626806,3.618188247,0.85,0.85,0.85,0.85
6.872038538,3.669422195,0.85,0.85,0.85,0.85
6.838911229,3.717828922,0.85,0.85,0.85,0.85
6.804399904,3.763695899,0.85,0.85,0.85,0.85
6.768636476,3.807395213,0.85,0.85,0.85,0.85
6.731736352,3.849333691,0.85,0.85,0.85,0.85
6.693810742,3.889911817,0.85,0.85,0.85,0.85
6.654975388,3.929496845,0.85,0.85,0.85,0.85
6.615363543,3.968409564,0.85,0.85,0.85,0.85
6.575137003,4.006922411,0.85,0.85,0.85,0.85
6.534494978,4.045265063,0.85,0.85,0.85,0.85
6.49368366,4.083633933,0.85,0.85,0.85,0.85
6.452997306,4.122199427,0.85,0.85,0.85,0.85
6.412775782,4.161112254,0.85,0.85,0.85,0.85
6.37339451,4.200502476,0.85,0.85,0.85,0.85
6.335247173,4.240477767,0.85,0.85,0.85,0.85
6.298725015,4.281113326,0.85,0.85,0.85,0.85
6.264189628,4.322445941,0.85,0.85,0.85,0.85
6.231949864,4.364465779,0.85,0.85,0.85,0.85
6.202241531,4.407114638,0.85,0.85,0.85,0.85
6.175215716,4.450292432,0.85,0.85,0.85,0.85
6.150935947,4.493867248,0.85,0.85,0.85,0.85
6.129386456,4.537695523,0.85,0.85,0.85,0.85
6.110488525,4.581639124,0.85,0.85,0.85,0.85
6.094121699,4.625582781,0.85,0.85,0.85,0.85
6.080146261,4.669445978,0.85,0.85,0.85,0.85
6.068420037,4.713185063,0.85,0.85,0.85,0.85
6.058812685,4.756791994,0.85,0.85,0.85,0.85
6.051209712,4.800285402,0.85,0.85,0.85,0.85
6.045512092,4.843702667,0.85,0.85,0.85,0.85
6.041631647,4.887094291,0.85,0.85,0.85,0.85
6.039486028,4.930523119,0.85,0.85,0.85,0.85
6.038994566,4.974068373,0.85,0.85,0.85,0.85
6.040080238,5.017832501,0.85,0.85,0.85,0.85
6.042674784,5.061947722,0.85,0.85,0.85,0.85
6.046727837,5.106579284,0.85,0.85,0.85,0.85
6.052216805,5.151923514,0.85,0.85,0.85,0.85
6.059157011,5.198201387,0.85,0.85,0.85,0.85
6.067606732,5.245646002,0.85,0.85,0.85,0.85
6.077664841,5.294490694,0.85,0.85,0.85,0.85
6.089464704,5.344955996,0.85,0.85,0.85,0.85
6.103158702,5.397238901,0.85,0.85,0.85,0.85
6.118899372,5.45150477,0.85,0.85,0.85,0.85
6.13681856,5.507878114,0.85,0.85,0.85,0.85
6.157005871,5.566438036,0.85,0.85,0.85,0.85
6.179492373,5.627216808,0.85,0.85,0.85,0.85
6.204241728,5.690197898,0.85,0.85,0.85,0.85
6.231144964,5.755319947,0.85,0.85,0.85,0.85
6.2600256,5.822481685,0.85,0.85,0.85,0.85
6.290650002,5.89155424,0.85,0.85,0.85,0.85
6.322737972,5.962389195,0.85,0.85,0.85,0.85
6.355978313,6.034829721,0.85,0.85,0.85,0.85
6.390038725,6.108716748,0.85,0.85,0.85,0.85
6.424574243,6.183888207,0.85,0.85,0.85,0.85
6.45923184,6.260171081,0.85,0.85,0.85,0.85
6.493651904,6.33736868,0.85,0.85,0.85,0.85
6.527471986,6.41524698,0.85,0.85,0.85,0.85
6.560329669,6.493517124,0.85,0.85,0.85,0.85
6.591874579,6.571831041,0.85,0.85,0.85,0.85
6.621781604,6.649785168,0.85,0.85,0.85,0.85
6.649769261,6.726935268,0.85,0.85,0.85,0.85
6.675619573,6.802825769,0.85,0.85,0.85,0.85
6.699196263,6.877029177,0.85,0.85,0.85,0.85
6.720454264,6.949182916,0.85,0.85,0.85,0.85
6.739441529,7.019023052,0.85,0.85,0.85,0.85
6.756291985,7.086409154,0.85,0.85,0.85,0.85
6.771207271,7.151328485,0.85,0.85,0.85,0.85
6.784435947,7.21388893,0.85,0.85,0.85,0.85
6.796247182,7.274294559,0.85,0.85,0.85,0.85
6.806910245,7.332816861,0.85,0.85,0.85,0.85
6.816675044,7.389760085,0.85,0.85,0.85,0.85
6.825760767,7.445431566,0.85,0.85,0.85,0.85
6.834350303,7.500118171,0.85,0.85,0.85,0.85
6.842590202,7.554071149,0.85,0.85,0.85,0.85
6.850592346,7.60749669,0.85,0.85,0.85,0.85
6.858439916,7.660554815,0.85,0.85,0.85,0.85
6.866192306,7.713360455,0.85,0.85,0.85,0.85
6.87388993,7.765986609,0.85,0.85,0.85,0.85
6.881557959,7.818467277,0.85,0.85,0.85,0.85
6.889209692,7.870802302,0.85,0.85,0.85,0.85
6.896847021,7.922957514,0.85,0.85,0.85,0.85
6.90446305,7.974870135,0.85,0.85,0.85,0.85
6.91204304,8.026453268,0.85,0.85,0.85,0.85
6.919565981,8.077603603,0.85,0.85,0.85,0.85
6.927006157,8.128211627,0.85,0.85,0.85,0.85
6.934335118,8.178171941,0.85,0.85,0.85,0.85
6.941522901,8.227392754,0.85,0.85,0.85,0.85
6.948540536,8.275806398,0.85,0.85,0.85,0.85
6.955361073,8.323374432,0.85,0.85,0.85,0.85
6.96195608,8.370088341,0.85,0.85,0.85,0.85
6.968300545,8.415968945,0.85,0.85,0.85,0.85
6.97437339,8.461061247,0.85,0.85,0.85,0.85
6.98015481,8.505426064,0.85,0.85,0.85,0.85
6.985625519,8.549133294,0.85,0.85,0.85,0.85
6.990763021,8.592254929,0.85,0.85,0.85,0.85
6.995535189,8.634860453,0.85,0.85,0.85,0.85
6.999888418,8.67701045,0.85,0.85,0.85,0.85
7.003729203,8.718756895,0.85,0.85,0.85,0.85
7.006910842,8.760139588,0.85,0.85,0.85,0.85
7.009203798,8.801187156,0.85,0.85,0.85,0.85
7.010274479,8.841918121,0.85,0.85,0.85,0.85
7.009667722,8.882347755,0.85,0.85,0.85,0.85
7.006798473,8.9224893,0.85,0.85,0.85,0.85
7.00096186,8.962364189,0.85,0.85,0.85,0.85
6.991365275,9.002009407,0.85,0.85,0.85,0.85
6.977185469,9.041493249,0.85,0.85,0.85,0.85
6.957644302,9.080922611,0.85,0.85,0.85,0.85
6.932099507,9.120457351,0.85,0.85,0.85,0.85
6.900132461,9.160312725,0.85,0.85,0.85,0.85
6.861621033,9.200754636,0.85,0.85,0.85,0.85
6.816783021,9.242082639,0.85,0.85,0.85,0.85
6.766182474,9.284601422,0.85,0.85,0.85,0.85
6.710694763,9.328581708,0.85,0.85,0.85,0.85
6.651437072,9.374218505,0.85,0.85,0.85,0.85
6.589673594,9.421593731,0.85,0.85,0.85,0.85
6.526709911,9.470652472,0.85,0.85,0.85,0.85
6.463786732,9.521195248,0.85,0.85,0.85,0.85
6.401989637,9.572892952,0.85,0.85,0.85,0.85
6.342181483,9.625319297,0.85,0.85,0.85,0.85
6.284961685,9.677996744,0.85,0.85,0.85,0.85
6.230660765,9.730443653,0.85,0.85,0.85,0.85
6.179357736,9.782222045,0.85,0.85,0.85,0.85
6.130920067,9.832970725,0.85,0.85,0.85,0.85
6.085058928,9.882427104,0.85,0.85,0.85,0.85
6.041386438,9.930435328,0.85,0.85,0.85,0.85
5.999470172,9.976940979,0.85,0.85,0.85,0.85
5.958872217,10.02198195,0.85,0.85,0.85,0.85
5.919175058,10.06567336,0.85,0.85,0.85,0.85
5.879991461,10.10819133,0.85,0.85,0.85,0.85
5.840959797,10.14976089,0.85,0.85,0.85,0.85
5.801732501,10.19064434,0.85,0.85,0.85,0.85
5.761953012,10.23112823,0.85,0.85,0.85,0.85
5.72124018,10.27151853,0.85,0.85,0.85,0.85
5.679177542,10.31213019,0.85,0.85,0.85,0.85
5.635308516,10.35327714,0.85,0.85,0.85,0.85
5.589144133,10.39525908,0.85,0.85,0.85,0.85
5.540182347,10.43834483,0.85,0.85,0.85,0.85
5.487939869,10.48275109,0.85,0.85,0.85,0.85
5.431987667,10.52862016,0.85,0.85,0.85,0.85
5.371990882,10.57600035,0.85,0.85,0.85,0.85
5.307747124,10.62482542,0.85,0.85,0.85,0.85
5.239210133,10.67490737,0.85,0.85,0.85,0.85
5.166496836,10.72594062,0.85,0.85,0.85,0.85
5.089876817,10.77752044,0.85,0.85,0.85,0.85
5.009743744,10.829173,0.85,0.85,0.85,0.85
4.926574966,10.88039647,0.85,0.85,0.85,0.85
4.840888168,10.93070062,0.85,0.85,0.85,0.85
4.753204962,10.97964763,0.85,0.85,0.85,0.85
4.664029507,11.02687519,0.85,0.85,0.85,0.85
4.573846104,11.07211075,0.85,0.85,0.85,0.85
4.483134187,11.11516934,0.85,0.85,0.85,0.85
4.392393834,11.15593805,0.85,0.85,0.85,0.85
4.30217131,11.19435719,0.85,0.85,0.85,0.85
4.213074539,11.23039906,0.85,0.85,0.85,0.85
4.125769547,11.26405217,0.85,0.85,0.85,0.85
4.040954501,11.29531356,0.85,0.85,0.85,0.85
3.959313722,11.32418964,0.85,0.85,0.85,0.85
3.881461064,11.35070195,0.85,0.85,0.85,0.85
3.80787848,11.37489942,0.85,0.85,0.85,0.85
3.738868444,11.396866,0.85,0.85,0.85,0.85
3.6745217,11.41672879,0.85,0.85,0.85,0.85
3.61470937,11.43465827,0.85,0.85,0.85,0.85
3.559100862,11.45086424,0.85,0.85,0.85,0.85
3.507201003,11.46558511,0.85,0.85,0.85,0.85
3.458396784,11.4790782,0.85,0.85,0.85,0.85
3.412013552,11.49160468,0.85,0.85,0.85,0.85
3.367365862,11.50341858,0.85,0.85,0.85,0.85
3.323803062,11.5147554,0.85,0.85,0.85,0.85
3.280744016,11.52582384,0.85,0.85,0.85,0.85
3.237698383,11.53680229,0.85,0.85,0.85,0.85
3.194281648,11.54783326,0.85,0.85,0.85,0.85
3.150216986,11.55902405,0.85,0.85,0.85,0.85
3.105329854,11.57044746,0.85,0.85,0.85,0.85
3.059538994,11.58214426,0.85,0.85,0.85,0.85
3.012838506,11.59412801,0.85,0.85,0.85,0.85
2.965276993,11.60639182,0.85,0.85,0.85,0.85
2.916937158,11.6189147,0.85,0.85,0.85,0.85
2.867911889,11.63167005,0.85,0.85,0.85,0.85
2.818285699,11.64463159,0.85,0.85,0.85,0.85
2.768118958,11.65777821,0.85,0.85,0.85,0.85
2.717434461,11.67109789,0.85,0.85,0.85,0.85
2.666212726,11.68458776,0.85,0.85,0.85,0.85
2.614390327,11.69825348,0.85,0.85,0.85,0.85
2.561864387,11.7121063,0.85,0.85,0.85,0.85
2.508503231,11.72616008,0.85,0.85,0.85,0.85
2.454160095,11.74042681,0.85,0.85,0.85,0.85
2.39869557,11.7549119,0.85,0.85,0.85,0.85
2.341998053,11.769611,0.85,0.85,0.85,0.85
2.284008568,11.78450411,0.85,0.85,0.85,0.85
2.224738887,11.79955628,0.85,0.85,0.85,0.85
2.164285408,11.8147142,0.85,0.85,0.85,0.85
2.102829665,11.82991046,0.85,0.85,0.85,0.85
2.040629676,11.84506862,0.85,0.85,0.85,0.85
1.977998588,11.86010942,0.85,0.85,0.85,0.85
1.915276483,11.87495923,0.85,0.85,0.85,0.85
1.852798714,11.88955742,0.85,0.85,0.85,0.85
1.790865532,11.90386238,0.85,0.85,0.85,0.85
1.729721134,11.917852,0.85,0.85,0.85,0.85
1.669538483,11.93152481,0.85,0.85,0.85,0.85
1.610418685,11.94489447,0.85,0.85,0.85,0.85
1.552397469,11.95798501,0.85,0.85,0.85,0.85
1.495460109,11.97082396,0.85,0.85,0.85,0.85
1.439557466,11.98343827,0.85,0.85,0.85,0.85
1.38462469,11.99584853,0.85,0.85,0.85,0.85
1.330592612,12.00806902,0.85,0.85,0.85,0.85
1.277398495,12.02010516,0.85,0.85,0.85,0.85
1.224986017,12.03195784,0.85,0.85,0.85,0.85
1.17330638,12.04362316,0.85,0.85,0.85,0.85
1.122313996,12.05509553,0.85,0.85,0.85,0.85
1.071960278,12.06637186,0.85,0.85,0.85,0.85
1.022193372,12.07745049,0.85,0.85,0.85,0.85
0.97295369,12.08833564,0.85,0.85,0.85,0.85
0.924176192,12.09903633,0.85,0.85,0.85,0.85
0.875791941,12.10956708,0.85,0.85,0.85,0.85
0.827730449,12.11994783,0.85,0.85,0.85,0.85
0.779923974,12.13020194,0.85,0.85,0.85,0.85
0.732310638,12.14035548,0.85,0.85,0.85,0.85
0.684835528,12.15043426,0.85,0.85,0.85,0.85
0.637454794,12.16046157,0.85,0.85,0.85,0.85
0.590133811,12.17045776,0.85,0.85,0.85,0.85
0.542851605,12.18043621,0.85,0.85,0.85,0.85
0.495596802,12.1904057,0.85,0.85,0.85,0.85
0.448369454,12.20036939,0.85,0.85,0.85,0.85
0.401177892,12.21032721,0.85,0.85,0.85,0.85
0.354038791,12.22027783,0.85,0.85,0.85,0.85
0.306974988,12.23022022,0.85,0.85,0.85,0.85
0.26001674,12.2401544,0.85,0.85,0.85,0.85
0.213199782,12.25008271,0.85,0.85,0.85,0.85
0.166568293,12.26000748,0.85,0.85,0.85,0.85
0.120172734,12.26993017,0.85,0.85,0.85,0.85
0.074070271,12.27984949,0.85,0.85,0.85,0.85
0.028320917,12.28976023,0.85,0.85,0.85,0.85
-0.017014412,12.29965203,0.85,0.85,0.85,0.85
-0.061879184,12.30951199,0.85,0.85,0.85,0.85
-0.10622407,12.31932339,0.85,0.85,0.85,0.85
-0.150010318,12.32906961,0.85,0.85,0.85,0.85
-0.193210728,12.33873528,0.85,0.85,0.85,0.85
-0.235809313,12.34830643,0.85,0.85,0.85,0.85
-0.277802215,12.35777367,0.85,0.85,0.85,0.85
-0.31919527,12.36713173,0.85,0.85,0.85,0.85
-0.360004081,12.37637848,0.85,0.85,0.85,0.85
-0.400254878,12.38551756,0.85,0.85,0.85,0.85
-0.439982903,12.39455666,0.85,0.85,0.85,0.85
-0.479233166,12.40350759,0.85,0.85,0.85,0.85
-0.518058544,12.41238645,0.85,0.85,0.85,0.85
-0.556517683,12.42121151,0.85,0.85,0.85,0.85
-0.594671667,12.43000168,0.85,0.85,0.85,0.85
-0.632580762,12.43877456,0.85,0.85,0.85,0.85
-0.670300929,12.44754389,0.85,0.85,0.85,0.85
-0.70788232,12.45631886,0.85,0.85,0.85,0.85
-0.745366299,12.46510162,0.85,0.85,0.85,0.85
-0.782789287,12.47389173,0.85,0.85,0.85,0.85
-0.820180484,12.48268424,0.85,0.85,0.85,0.85
-0.857567115,12.49147512,0.85,0.85,0.85,0.85
-0.894977094,12.50026388,0.85,0.85,0.85,0.85
-0.932442766,12.50905466,0.85,0.85,0.85,0.85
-0.970005411,12.51785937,0.85,0.85,0.85,0.85
-1.007717373,12.52669582,0.85,0.85,0.85,0.85
-1.045645017,12.53558874,0.85,0.85,0.85,0.85
-1.083868296,12.54456576,0.85,0.85,0.85,0.85
-1.122478074,12.55365541,0.85,0.85,0.85,0.85
-1.161571256,12.56288512,0.85,0.85,0.85,0.85
-1.201240816,12.57227715,0.85,0.85,0.85,0.85
-1.241565701,12.58184696,0.85,0.85,0.85,0.85
-1.282599856,12.59160153,0.85,0.85,0.85,0.85
-1.324364632,12.60153857,0.85,0.85,0.85,0.85
-1.366842727,12.61164647,0.85,0.85,0.85,0.85
-1.409982078,12.62190661,0.85,0.85,0.85,0.85
-1.453701957,12.63229453,0.85,0.85,0.85,0.85
-1.497907515,12.64278483,0.85,0.85,0.85,0.85
-1.542505011,12.65335567,0.85,0.85,0.85,0.85
-1.587416435,12.66398934,0.85,0.85,0.85,0.85
-1.632589897,12.67467712,0.85,0.85,0.85,0.85
-1.678002686,12.6854172,0.85,0.85,0.85,0.85
-1.723657046,12.69621241,0.85,0.85,0.85,0.85
-1.769570418,12.70706918,0.85,0.85,0.85,0.85
-1.815761712,12.71799006,0.85,0.85,0.85,0.85
-1.862237607,12.72897207,0.85,0.85,0.85,0.85
-1.908981775,12.74000471,0.85,0.85,0.85,0.85
-1.955949009,12.75106833,0.85,0.85,0.85,0.85
-2.003064873,12.762135,0.85,0.85,0.85,0.85
-2.050230236,12.77317359,0.85,0.85,0.85,0.85
-2.097329253,12.7841495,0.85,0.85,0.85,0.85
-2.144239002,12.79502935,0.85,0.85,0.85,0.85
-2.190839142,12.80578454,0.85,0.85,0.85,0.85
-2.237020288,12.8163897,0.85,0.85,0.85,0.85
-2.282690275,12.82682614,0.85,0.85,0.85,0.85
-2.327777899,12.83708128,0.85,0.85,0.85,0.85
-2.372233545,12.84714684,0.85,0.85,0.85,0.85
-2.416029506,12.85702078,0.85,0.85,0.85,0.85
-2.459154989,12.86670539,0.85,0.85,0.85,0.85
-2.501614969,12.87620762,0.85,0.85,0.85,0.85
-2.543424523,12.88553805,0.85,0.85,0.85,0.85
-2.584608643,12.89471251,0.85,0.85,0.85,0.85
-2.625198977,12.90374903,0.85,0.85,0.85,0.85
-2.665234885,12.91266888,0.85,0.85,0.85,0.85
-2.704762112,12.92149473,0.85,0.85,0.85,0.85
-2.743833755,12.93024901,0.85,0.85,0.85,0.85
-2.78250872,12.93895232,0.85,0.85,0.85,0.85
-2.820850818,12.94762292,0.85,0.85,0.85,0.85
-2.858926207,12.95627563,0.85,0.85,0.85,0.85
-2.89680187,12.96492236,0.85,0.85,0.85,0.85
-2.934546073,12.97357471,0.85,0.85,0.85,0.85
-2.972226593,12.98224343,0.85,0.85,0.85,0.85
-3.009915254,12.9909429,0.85,0.85,0.85,0.85
-3.047688204,12.99968993,0.85,0.85,0.85,0.85
-3.085630559,13.00850595,0.85,0.85,0.85,0.85
-3.123837715,13.01741578,0.85,0.85,0.85,0.85
-3.162414795,13.02644557,0.85,0.85,0.85,0.85
-3.201475989,13.03562276,0.85,0.85,0.85,0.85
-3.24113605,13.04497091,0.85,0.85,0.85,0.85
-3.281504223,13.05450928,0.85,0.85,0.85,0.85
-3.322672842,13.06425048,0.85,0.85,0.85,0.85
-3.364708672,13.07419857,0.85,0.85,0.85,0.85
-3.407645271,13.08434932,0.85,0.85,0.85,0.85
-3.451479385,13.09469093,0.85,0.85,0.85,0.85
-3.496169513,13.10520303,0.85,0.85,0.85,0.85
-3.541641721,13.11586079,0.85,0.85,0.85,0.85
-3.587796818,13.12663455,0.85,0.85,0.85,0.85
-3.634519324,13.13749152,0.85,0.85,0.85,0.85
-3.681687179,13.14839726,0.85,0.85,0.85,0.85
-3.729177277,13.15931392,0.85,0.85,0.85,0.85
-3.776871685,13.17019981,0.85,0.85,0.85,0.85
-3.824659681,13.1810096,0.85,0.85,0.85,0.85
-3.87243849,13.19169238,0.85,0.85,0.85,0.85
-3.920113031,13.20219236,0.85,0.85,0.85,0.85
-3.967595591,13.21245106,0.85,0.85,0.85,0.85
-4.014806017,13.22240806,0.85,0.85,0.85,0.85
-4.061672679,13.23200521,0.85,0.85,0.85,0.85
-4.108134048,13.2411914,0.85,0.85,0.85,0.85
-4.154140536,13.24992531,0.85,0.85,0.85,0.85
-4.199656264,13.25817923,0.85,0.85,0.85,0.85
-4.244659341,13.26594244,0.85,0.85,0.85,0.85
-4.289141051,13.27322021,0.85,0.85,0.85,0.85
-4.333104177,13.28003432,0.85,0.85,0.85,0.85
-4.376559769,13.28642082,0.85,0.85,0.85,0.85
-4.419523217,13.29242504,0.85,0.85,0.85,0.85
-4.462013037,13.29809935,0.85,0.85,0.85,0.85
-4.504046312,13.30349554,0.85,0.85,0.85,0.85
-4.545641855,13.3086636,0.85,0.85,0.85,0.85
-4.586821017,13.31364703,0.85,0.85,0.85,0.85
-4.627612968,13.3184826,0.85,0.85,0.85,0.85
-4.668058873,13.32320009,0.85,0.85,0.85,0.85
-4.708213514,13.3278217,0.85,0.85,0.85,0.85
-4.748148601,13.33236633,0.85,0.85,0.85,0.85
-4.787947747,13.336849,0.85,0.85,0.85,0.85
-4.82770305,13.34128471,0.85,0.85,0.85,0.85
-4.867506676,13.34568809,0.85,0.85,0.85,0.85
-4.907441384,13.35007431,0.85,0.85,0.85,0.85
-4.947574251,13.35445833,0.85,0.85,0.85,0.85
-4.987951837,13.35885428,0.85,0.85,0.85,0.85
-5.0286001,13.36327547,0.85,0.85,0.85,0.85
-5.069525572,13.36773227,0.85,0.85,0.85,0.85
-5.110720718,13.37223256,0.85,0.85,0.85,0.85
-5.152171031,13.37678123,0.85,0.85,0.85,0.85
-5.193862852,13.38138117,0.85,0.85,0.85,0.85
-5.23579025,13.38603393,0.85,0.85,0.85,0.85
-5.277958907,13.39074057,0.85,0.85,0.85,0.85
-5.320392022,13.39550301,0.85,0.85,0.85,0.85
-5.363127433,13.40032383,0.85,0.85,0.85,0.85
-5.406218702,13.40520726,0.85,0.85,0.85,0.85
-5.449734414,13.41015965,0.85,0.85,0.85,0.85
-5.49375509,13.41519158,0.85,0.85,0.85,0.85
-5.5383751,13.4203193,0.85,0.85,0.85,0.85
-5.583703657,13.42556768,0.85,0.85,0.85,0.85
-5.629870728,13.43097575,0.85,0.85,0.85,0.85
-5.677035073,13.43660084,0.85,0.85,0.85,0.85
-5.725391557,13.44252732,0.85,0.85,0.85,0.85
-5.775175192,13.44887031,0.85,0.85,0.85,0.85
-5.826657412,13.45577952,0.85,0.85,0.85,0.85
-5.880131082,13.46343922,0.85,0.85,0.85,0.85
-5.935881217,13.47206146,0.85,0.85,0.85,0.85
-5.99414429,13.4818724,0.85,0.85,0.85,0.85
-6.055057255,13.49309206,0.85,0.85,0.85,0.85
-6.118611348,13.50590858,0.85,0.85,0.85,0.85
-6.184613638,13.52045074,0.85,0.85,0.85,0.85
-6.252672604,13.53676446,0.85,0.85,0.85,0.85
-6.322216239,13.55479808,0.85,0.85,0.85,0.85
-6.392539313,13.57440044,0.85,0.85,0.85,0.85
-6.462882802,13.59533641,0.85,0.85,0.85,0.85
-6.53252847,13.61731434,0.85,0.85,0.85,0.85
-6.600899163,13.64002661,0.85,0.85,0.85,0.85
-6.667645383,13.66319331,0.85,0.85,0.85,0.85
-6.732702861,13.68660174,0.85,0.85,0.85,0.85
-6.796314163,13.7101361,0.85,0.85,0.85,0.85
-6.859008784,13.73378935,0.85,0.85,0.85,0.85
-6.921546617,13.75765853,0.85,0.85,0.85,0.85
-6.984830927,13.78192209,0.85,0.85,0.85,0.85
-7.049811664,13.80680771,0.85,0.85,0.85,0.85
-7.117384813,13.83255254,0.85,0.85,0.85,0.85
-7.188307698,13.85936564,0.85,0.85,0.85,0.85
-7.263134676,13.88739565,0.85,0.85,0.85,0.85
-7.342187787,13.91671234,0.85,0.85,0.85,0.85
-7.425549575,13.9472974,0.85,0.85,0.85,0.85
-7.513083585,13.97904885,0.85,0.85,0.85,0.85
-7.604465504,14.01179205,0.85,0.85,0.85,0.85
-7.699227714,14.04529995,0.85,0.85,0.85,0.85
-7.796800964,14.07931326,0.85,0.85,0.85,0.85
-7.896555093,14.1135618,0.85,0.85,0.85,0.85
-7.997831469,14.14778244,0.85,0.85,0.85,0.85
-8.099978746,14.1817363,0.85,0.85,0.85,0.85
-8.202379023,14.21522074,0.85,0.85,0.85,0.85
-8.304473454,14.24807789,0.85,0.85,0.85,0.85
-8.40578586,14.28019926,0.85,0.85,0.85,0.85
-8.505931851,14.31152386,0.85,0.85,0.85,0.85
-8.604622556,14.34203414,0.85,0.85,0.85,0.85
-8.701649971,14.37174338,0.85,0.85,0.85,0.85
-8.796861058,14.40068202,0.85,0.85,0.85,0.85
-8.890121589,14.42887613,0.85,0.85,0.85,0.85
-8.981280134,14.45633216,0.85,0.85,0.85,0.85
-9.070137925,14.48302058,0.85,0.85,0.85,0.85
-9.156433326,14.50886777,0.85,0.85,0.85,0.85
-9.239845053,14.53375534,0.85,0.85,0.85,0.85
-9.320017271,14.55752984,0.85,0.85,0.85,0.85
-9.396601351,14.58002048,0.85,0.85,0.85,0.85
-9.469302492,14.60106267,0.85,0.85,0.85,0.85
-9.537929362,14.62052395,0.85,0.85,0.85,0.85
-9.602430889,14.63832828,0.85,0.85,0.85,0.85
-9.662914419,14.65447543,0.85,0.85,0.85,0.85
-9.719645971,14.66905307,0.85,0.85,0.85,0.85
-9.77303298,14.68224095,0.85,0.85,0.85,0.85
-9.823579691,14.69430597,0.85,0.85,0.85,0.85
-9.87184804,14.70559312,0.85,0.85,0.85,0.85
-9.918405974,14.71650943,0.85,0.85,0.85,0.85
-9.963786678,14.72750187,0.85,0.85,0.85,0.85
-10.00845527,14.73903295,0.85,0.85,0.85,0.85
-10.05279047,14.75154982,0.85,0.85,0.85,0.85
-10.09708477,14.76545028,0.85,0.85,0.85,0.85
-10.14156053,14.78104692,0.85,0.85,0.85,0.85
-10.18639374,14.79852931,0.85,0.85,0.85,0.85
-10.23175393,14.81793289,0.85,0.85,0.85,0.85
-10.27783317,14.83911172,0.85,0.85,0.85,0.85
-10.32487436,14.86172989,0.85,0.85,0.85,0.85
-10.37317421,14.88526391,0.85,0.85,0.85,0.85
-10.42307005,14.90902988,0.85,0.85,0.85,0.85
-10.47490167,14.9322253,0.85,0.85,0.85,0.85
-10.52895652,14.95399095,0.85,0.85,0.85,0.85
-10.58540806,14.97348021,0.85,0.85,0.85,0.85
-10.64426258,14.98993392,0.85,0.85,0.85,0.85
-10.70532726,15.00274698,0.85,0.85,0.85,0.85
-10.76820796,15.0115185,0.85,0.85,0.85,0.85
-10.83234185,15.01607916,0.85,0.85,0.85,0.85
-10.89706034,15.01648713,0.85,0.85,0.85,0.85
-10.96167077,15.01300014,0.85,0.85,0.85,0.85
-11.02554405,15.00602207,0.85,0.85,0.85,0.85
-11.08819297,14.99603113,0.85,0.85,0.85,0.85
-11.14932643,14.98350896,0.85,0.85,0.85,0.85
-11.20887168,14.96887773,0.85,0.85,0.85,0.85
-11.26696521,14.95243623,0.85,0.85,0.85,0.85
-11.32391012,14.93433659,0.85,0.85,0.85,0.85
-11.38011124,14.9145608,0.85,0.85,0.85,0.85
-11.43599793,14.89292306,0.85,0.85,0.85,0.85
-11.49194563,14.86908536,0.85,0.85,0.85,0.85
-11.54820903,14.84258131,0.85,0.85,0.85,0.85
-11.60487345,14.81284143,0.85,0.85,0.85,0.85
-11.6618338,14.7792266,0.85,0.85,0.85,0.85
-11.71879939,14.74106687,0.85,0.85,0.85,0.85
-11.77532248,14.69770817,0.85,0.85,0.85,0.85
-11.83084297,14.64857231,0.85,0.85,0.85,0.85
-11.88474137,14.59322687,0.85,0.85,0.85,0.85
-11.93639298,14.5314557,0.85,0.85,0.85,0.85
-11.9852129,14.46332617,0.85,0.85,0.85,0.85
-12.03070103,14.38923599,0.85,0.85,0.85,0.85
-12.0724619,14.30992486,0.85,0.85,0.85,0.85
-12.11022721,14.22644593,0.85,0.85,0.85,0.85
-12.14386293,14.14008835,0.85,0.85,0.85,0.85
-12.17336898,14.05227548,0.85,0.85,0.85,0.85
-12.19887259,13.96443159,0.85,0.85,0.85,0.85
-12.22061172,13.877853,0.85,0.85,0.85,0.85
-12.23891235,13.79359608,0.85,0.85,0.85,0.85
-12.2541629,13.71241365,0.85,0.85,0.85,0.85
-12.26678149,13.63471941,0.85,0.85,0.85,0.85
-12.27718681,13.5605998,0.85,0.85,0.85,0.85
-12.28577283,13.48986203,0.85,0.85,0.85,0.85
-12.29288628,13.4220903,0.85,0.85,0.85,0.85
-12.29881497,13.35671675,0.85,0.85,0.85,0.85
-12.30377926,13.29307953,0.85,0.85,0.85,0.85
-12.3079334,13.23047207,0.85,0.85,0.85,0.85
-12.31136998,13.16818598,0.85,0.85,0.85,0.85
-12.31412843,13.10553994,0.85,0.85,0.85,0.85
-12.31620466,13.04191427,0.85,0.85,0.85,0.85
-12.31756,12.97677569,0.85,0.85,0.85,0.85
-12.31813235,12.90970854,0.85,0.85,0.85,0.85
-12.3178416,12.84043142,0.85,0.85,0.85,0.85
-12.31659647,12.76879972,0.85,0.85,0.85,0.85
-12.31429735,12.69479167,0.85,0.85,0.85,0.85
-12.31083718,12.6184767,0.85,0.85,0.85,0.85
-12.30610095,12.53996678,0.85,0.85,0.85,0.85
-12.29996236,12.45936845,0.85,0.85,0.85,0.85
-12.29227876,12.37675418,0.85,0.85,0.85,0.85
-12.28288398,12.29213271,0.85,0.85,0.85,0.85
-12.27158425,12.20546749,0.85,0.85,0.85,0.85
-12.25815261,12.11670002,0.85,0.85,0.85,0.85
-12.2423236,12.02578481,0.85,0.85,0.85,0.85
-12.22380162,11.93273459,0.85,0.85,0.85,0.85
-12.20226034,11.83764553,0.85,0.85,0.85,0.85
-12.1773534,11.74070703,0.85,0.85,0.85,0.85
-12.14872861,11.64219474,0.85,0.85,0.85,0.85
-12.11604684,11.54245127,0.85,0.85,0.85,0.85
-12.07900467,11.44185968,0.85,0.85,0.85,0.85
-12.03735649,11.34082168,0.85,0.85,0.85,0.85
-11.9909438,11.23975096,0.85,0.85,0.85,0.85
-11.93971923,11.13907068,0.85,0.85,0.85,0.85
-11.88376969,11.03922234,0.85,0.85,0.85,0.85
-11.82332127,10.94066814,0.85,0.85,0.85,0.85
-11.75873789,10.84388902,0.85,0.85,0.85,0.85
-11.69049525,10.74936617,0.85,0.85,0.85,0.85
-11.61914288,10.65754089,0.85,0.85,0.85,0.85
-11.54524894,10.56877943,0.85,0.85,0.85,0.85
-11.4693422,10.48332723,0.85,0.85,0.85,0.85
-11.3918576,10.40127729,0.85,0.85,0.85,0.85
-11.31309526,10.32254878,0.85,0.85,0.85,0.85
-11.233203,10.24690374,0.85,0.85,0.85,0.85
-11.15218283,10.17397392,0.85,0.85,0.85,0.85
-11.06991875,10.10330349,0.85,0.85,0.85,0.85
-10.98622392,10.03441088,0.85,0.85,0.85,0.85
-10.90089135,9.966838972,0.85,0.85,0.85,0.85
-10.81374455,9.900209054,0.85,0.85,0.85,0.85
-10.72467405,9.834256119,0.85,0.85,0.85,0.85
-10.63365431,9.768849018,0.85,0.85,0.85,0.85
-10.54074454,9.703998798,0.85,0.85,0.85,0.85
-10.44606802,9.639843897,0.85,0.85,0.85,0.85
-10.34977901,9.576628299,0.85,0.85,0.85,0.85
-10.2520248,9.514662233,0.85,0.85,0.85,0.85
-10.15291273,9.45428518,0.85,0.85,0.85,0.85
-10.05248331,9.395822827,0.85,0.85,0.85,0.85
-9.950701194,9.33955028,0.85,0.85,0.85,0.85
-9.84746483,9.285659195,0.85,0.85,0.85,0.85
-9.742627655,9.234251602,0.85,0.85,0.85,0.85
-9.636044044,9.185336068,0.85,0.85,0.85,0.85
-9.52761909,9.138840457,0.85,0.85,0.85,0.85
-9.41736687,9.09463561,0.85,0.85,0.85,0.85
-9.305458243,9.052560495,0.85,0.85,0.85,0.85
-9.192263392,9.012448515,0.85,0.85,0.85,0.85
-9.07837461,8.974144504,0.85,0.85,0.85,0.85
-8.96459878,8.937501674,0.85,0.85,0.85,0.85
-8.851937692,8.902371899,0.85,0.85,0.85,0.85
-8.741533893,8.868570971,0.85,0.85,0.85,0.85
-8.63459749,8.835835423,0.85,0.85,0.85,0.85
-8.532318541,8.803779053,0.85,0.85,0.85,0.85
-8.435774869,8.771862174,0.85,0.85,0.85,0.85
-8.345845246,8.739382014,0.85,0.85,0.85,0.85
-8.263126393,8.705493242,0.85,0.85,0.85,0.85
-8.187884275,8.669267081,0.85,0.85,0.85,0.85
-8.120026599,8.629775827,0.85,0.85,0.85,0.85
-8.059116756,8.586197112,0.85,0.85,0.85,0.85
-8.00441197,8.5379093,0.85,0.85,0.85,0.85
-7.954933556,8.48456972,0.85,0.85,0.85,0.85
-7.90955233,8.426154099,0.85,0.85,0.85,0.85
-7.867080818,8.362954441,0.85,0.85,0.85,0.85
-7.826359461,8.295541017,0.85,0.85,0.85,0.85
-7.786328858,8.224695816,0.85,0.85,0.85,0.85
-7.746083747,8.151335914,0.85,0.85,0.85,0.85
-7.704905196,8.076439545,0.85,0.85,0.85,0.85
-7.662275553,8.000984063,0.85,0.85,0.85,0.85
-7.617877739,7.925899224,0.85,0.85,0.85,0.85
-7.571582155,7.852031839,0.85,0.85,0.85,0.85
-7.523424343,7.780120269,0.85,0.85,0.85,0.85
-7.473574232,7.710771669,0.85,0.85,0.85,0.85
-7.422300446,7.644443464,0.85,0.85,0.85,0.85
-7.369932757,7.581431006,0.85,0.85,0.85,0.85
-7.316823498,7.521861959,0.85,0.85,0.85,0.85
-7.263316187,7.465706537,0.85,0.85,0.85,0.85
-7.209725583,7.412801875,0.85,0.85,0.85,0.85
-7.156323192,7.362886832,0.85,0.85,0.85,0.85
-7.103334342,7.315644945,0.85,0.85,0.85,0.85
-7.05094368,7.270747291,0.85,0.85,0.85,0.85
-6.999300082,7.227887702,0.85,0.85,0.85,0.85
-6.948520445,7.186807988,0.85,0.85,0.85,0.85
-6.89869354,7.147297978,0.85,0.85,0.85,0.85
-6.849871288,7.10919766,0.85,0.85,0.85,0.85
-6.802062464,7.072381507,0.85,0.85,0.85,0.85
-6.755223534,7.036737964,0.85,0.85,0.85,0.85
-6.709248416,7.002149587,0.85,0.85,0.85,0.85
-6.663963938,6.968478493,0.85,0.85,0.85,0.85
-6.619129912,6.93555771,0.85,0.85,0.85,0.85
-6.57444654,6.903191036,0.85,0.85,0.85,0.85
-6.52956932,6.871160264,0.85,0.85,0.85,0.85
-6.484130744,6.839239578,0.85,0.85,0.85,0.85
-6.437767674,6.807211958,0.85,0.85,0.85,0.85
-6.390148149,6.774885704,0.85,0.85,0.85,0.85
-6.340999581,6.742107837,0.85,0.85,0.85,0.85
-6.290128246,6.708774319,0.85,0.85,0.85,0.85
-6.237437577,6.674832728,0.85,0.85,0.85,0.85
-6.182926894,6.640277417,0.85,0.85,0.85,0.85
-6.126692137,6.605142875,0.85,0.85,0.85,0.85
-6.068909753,6.569491317,0.85,0.85,0.85,0.85
-6.009820591,6.533400679,0.85,0.85,0.85,0.85
-5.949709728,6.496953168,0.85,0.85,0.85,0.85
-5.888883862,6.460225129,0.85,0.85,0.85,0.85
-5.827654762,6.423281358,0.85,0.85,0.85,0.85
-5.766321217,6.386170479,0.85,0.85,0.85,0.85
-5.705156374,6.348923263,0.85,0.85,0.85,0.85
-5.644396272,6.311552631,0.85,0.85,0.85,0.85
-5.584232437,6.274055171,0.85,0.85,0.85,0.85
-5.524808583,6.236414547,0.85,0.85,0.85,0.85
-5.466216007,6.19860389,0.85,0.85,0.85,0.85
-5.408495483,6.160590579,0.85,0.85,0.85,0.85
-5.351641388,6.122341372,0.85,0.85,0.85,0.85
-5.295607394,6.083828747,0.85,0.85,0.85,0.85
-5.240311661,6.045031531,0.85,0.85,0.85,0.85
-5.185643646,6.005933834,0.85,0.85,0.85,0.85
-5.131468595,5.966523316,0.85,0.85,0.85,0.85
-5.077630157,5.926777583,0.85,0.85,0.85,0.85
-5.023950154,5.886650746,0.85,0.85,0.85,0.85
-4.970227697,5.846052347,0.85,0.85,0.85,0.85
-4.916244278,5.804830491,0.85,0.85,0.85,0.85
-4.861770118,5.7627554,0.85,0.85,0.85,0.85
-4.806582332,5.719513462,0.85,0.85,0.85,0.85
-4.750493421,5.674716854,0.85,0.85,0.85,0.85
-4.693384454,5.627924511,0.85,0.85,0.85,0.85
-4.635243342,5.578684865,0.85,0.85,0.85,0.85
-4.576199544,5.526588185,0.85,0.85,0.85,0.85
-4.516547163,5.471326773,0.85,0.85,0.85,0.85
-4.45675173,5.412751645,0.85,0.85,0.85,0.85
-4.397434135,5.350918943,0.85,0.85,0.85,0.85
-4.33933146,5.286109079,0.85,0.85,0.85,0.85
-4.283239671,5.218819144,0.85,0.85,0.85,0.85
-4.229943952,5.14972309,0.85,0.85,0.85,0.85
-4.180148673,5.079608593,0.85,0.85,0.85,0.85
-4.134414713,5.009296095,0.85,0.85,0.85,0.85
-4.093116288,4.939556277,0.85,0.85,0.85,0.85
-4.056418003,4.871039362,0.85,0.85,0.85,0.85
-4.024280149,4.804226873,0.85,0.85,0.85,0.85
-3.996481657,4.739410361,0.85,0.85,0.85,0.85
-3.972662949,4.676702403,0.85,0.85,0.85,0.85
-3.952371459,4.616063482,0.85,0.85,0.85,0.85
-3.935114066,4.5573479,0.85,0.85,0.85,0.85
-3.92039806,4.500350262,0.85,0.85,0.85,0.85
-3.90776727,4.444846394,0.85,0.85,0.85,0.85
-3.896822705,4.390625732,0.85,0.85,0.85,0.85
-3.887233997,4.337507695,0.85,0.85,0.85,0.85
-3.878743478,4.285347918,0.85,0.85,0.85,0.85
-3.871160137,4.234035337,0.85,0.85,0.85,0.85
-3.864352616,4.183484403,0.85,0.85,0.85,0.85
-3.858239431,4.133626836,0.85,0.85,0.85,0.85
-3.852776429,4.084404378,0.85,0.85,0.85,0.85
-3.847950733,4.035765361,0.85,0.85,0.85,0.85
-3.843769533,3.987662668,0.85,0.85,0.85,0.85
-3.840251594,3.940054168,0.85,0.85,0.85,0.85
-3.837420649,3.892905127,0.85,0.85,0.85,0.85
-3.835300736,3.8461907,0.85,0.85,0.85,0.85
-3.833910052,3.799894583,0.85,0.85,0.85,0.85
-3.833256871,3.754006145,0.85,0.85,0.85,0.85
-3.833337518,3.708516769,0.85,0.85,0.85,0.85
-3.834134519,3.663413048,0.85,0.85,0.85,0.85
-3.835619467,3.618668722,0.85,0.85,0.85,0.85
-3.837751669,3.574236203,0.85,0.85,0.85,0.85
-3.840485239,3.530041292,0.85,0.85,0.85,0.85
-3.843772513,3.485978158,0.85,0.85,0.85,0.85
-3.847569413,3.441906726,0.85,0.85,0.85,0.85
-3.851844376,3.397656483,0.85,0.85,0.85,0.85
-3.856582144,3.353029292,0.85,0.85,0.85,0.85
-3.861790907,3.307809207,0.85,0.85,0.85,0.85
-3.867506666,3.261770556,0.85,0.85,0.85,0.85
-3.873796129,3.214694155,0.85,0.85,0.85,0.85
-3.880757472,3.166377827,0.85,0.85,0.85,0.85
-3.888517606,3.116659179,0.85,0.85,0.85,0.85
-3.897226758,3.065429881,0.85,0.85,0.85,0.85
-3.907051806,3.012649104,0.85,0.85,0.85,0.85
-3.918162566,2.958351663,0.85,0.85,0.85,0.85
-3.930723227,2.902647031,0.85,0.85,0.85,0.85
-3.944882913,2.845706786,0.85,0.85,0.85,0.85
-3.960769224,2.787741662,0.85,0.85,0.85,0.85
-3.978490291,2.728969811,0.85,0.85,0.85,0.85
-3.998138133,2.669586538,0.85,0.85,0.85,0.85
-4.019799669,2.609737192,0.85,0.85,0.85,0.85
-4.043563591,2.549508932,0.85,0.85,0.85,0.85
-4.069528864,2.48893657,0.85,0.85,0.85,0.85
-4.097805429,2.42802827,0.85,0.85,0.85,0.85
-4.128508509,2.36680437,0.85,0.85,0.85,0.85
-4.161748561,2.305337839,0.85,0.85,0.85,0.85
-4.197614342,2.243792736,0.85,0.85,0.85,0.85
-4.236158116,2.182442079,0.85,0.85,0.85,0.85
-4.277383196,2.1216668,0.85,0.85,0.85,0.85
-4.321237242,2.061931054,0.85,0.85,0.85,0.85
-4.367612737,2.003738949,0.85,0.85,0.85,0.85
-4.416352434,1.947585214,0.85,0.85,0.85,0.85
-4.467257582,1.893905741,0.85,0.85,0.85,0.85
-4.520096094,1.843039158,0.85,0.85,0.85,0.85
-4.574607452,1.795206358,0.85,0.85,0.85,0.85
-4.630502305,1.75050892,0.85,0.85,0.85,0.85
-4.687457716,1.708946448,0.85,0.85,0.85,0.85
-4.745112007,1.670442252,0.85,0.85,0.85,0.85
-4.803063206,1.634872706,0.85,0.85,0.85,0.85
-4.860874641,1.602093425,0.85,0.85,0.85,0.85
-4.918091917,1.571953832,0.85,0.85,0.85,0.85
-4.974269019,1.544306257,0.85,0.85,0.85,0.85
-5.029002772,1.518999543,0.85,0.85,0.85,0.85
-5.081965535,1.495871728,0.85,0.85,0.85,0.85
-5.132934285,1.474742946,0.85,0.85,0.85,0.85
-5.181806192,1.455409586,0.85,0.85,0.85,0.85
-5.22859872,1.437647842,0.85,0.85,0.85,0.85
-5.273436967,1.421221516,0.85,0.85,0.85,0.85
-5.31652749,1.405896139,0.85,0.85,0.85,0.85
-5.358127105,1.391455475,0.85,0.85,0.85,0.85
-5.398511405,1.377710676,0.85,0.85,0.85,0.85
-5.437947267,1.3645134,0.85,0.85,0.85,0.85
-5.476674888,1.351753621,0.85,0.85,0.85,0.85
-5.514895396,1.339358443,0.85,0.85,0.85,0.85
-5.552766781,1.327286256,0.85,0.85,0.85,0.85
-5.590408408,1.315513595,0.85,0.85,0.85,0.85
-5.627904422,1.304026999,0.85,0.85,0.85,0.85
-5.665311716,1.29281443,0.85,0.85,0.85,0.85
-5.702667576,1.281858038,0.85,0.85,0.85,0.85
-5.739994074,1.271134186,0.85,0.85,0.85,0.85
-5.777304927,1.260611795,0.85,0.85,0.85,0.85
-5.814607005,1.250254908,0.85,0.85,0.85,0.85
-5.851905156,1.240028238,0.85,0.85,0.85,0.85
-5.889201428,1.229899908,0.85,0.85,0.85,0.85
-5.926497003,1.219844349,0.85,0.85,0.85,0.85
-5.963792414,1.209845666,0.85,0.85,0.85,0.85
-6.001087808,1.199897035,0.85,0.85,0.85,0.85
-6.038383219,1.189998757,0.85,0.85,0.85,0.85
-6.07567859,1.180157164,0.85,0.85,0.85,0.85
-6.112974739,1.170380275,0.85,0.85,0.85,0.85
-6.150271574,1.160678221,0.85,0.85,0.85,0.85
-6.187571576,1.151060045,0.85,0.85,0.85,0.85
-6.224876199,1.141534566,0.85,0.85,0.85,0.85
-6.262191494,1.132109759,0.85,0.85,0.85,0.85
-6.299524983,1.122796265,0.85,0.85,0.85,0.85
-6.336892681,1.113605364,0.85,0.85,0.85,0.85
-6.374317836,1.104552193,0.85,0.85,0.85,0.85
-6.411838029,1.09565264,0.85,0.85,0.85,0.85
-6.449509109,1.086922128,0.85,0.85,0.85,0.85
-6.487410508,1.078371254,0.85,0.85,0.85,0.85
-6.525650093,1.070001494,0.85,0.85,0.85,0.85
-6.56436471,1.061802271,0.85,0.85,0.85,0.85
-6.603720563,1.053745477,0.85,0.85,0.85,0.85
-6.643906325,1.045786683,0.85,0.85,0.85,0.85
-6.685120679,1.037867299,0.85,0.85,0.85,0.85
-6.727556109,1.029918882,0.85,0.85,0.85,0.85
-6.771373123,1.02187587,0.85,0.85,0.85,0.85
-6.816679535,1.013684123,0.85,0.85,0.85,0.85
-6.863508523,1.005312908,0.85,0.85,0.85,0.85
-6.911804605,0.996763027,0.85,0.85,0.85,0.85
-6.961419929,0.988070622,0.85,0.85,0.85,0.85
-7.01212279,0.979305922,0.85,0.85,0.85,0.85
-7.063617749,0.97056421,0.85,0.85,0.85,0.85
-7.115575454,0.961954587,0.85,0.85,0.85,0.85
-7.167664132,0.953588041,0.85,0.85,0.85,0.85
-7.21958073,0.945560689,0.85,0.85,0.85,0.85
-7.271076451,0.937947749,0.85,0.85,0.85,0.85
-7.321968851,0.930796511,0.85,0.85,0.85,0.85
-7.372145916,0.924127637,0.85,0.85,0.85,0.85
-7.421560033,0.91794155,0.85,0.85,0.85,0.85
-7.470213223,0.912224113,0.85,0.85,0.85,0.85
-7.518144862,0.906959489,0.85,0.85,0.85,0.85
-7.565419636,0.90213818,0.85,0.85,0.85,0.85
-7.612122074,0.897763971,0.85,0.85,0.85,0.85
-7.658356179,0.893862004,0.85,0.85,0.85,0.85
-7.704252363,0.890483096,0.85,0.85,0.85,0.85
-7.749973076,0.887703418,0.85,0.85,0.85,0.85
-7.795718963,0.885630924,0.85,0.85,0.85,0.85
-7.841727152,0.88440743,0.85,0.85,0.85,0.85
-7.888259773,0.884212413,0.85,0.85,0.85,0.85
-7.935580851,0.885266708,0.85,0.85,0.85,0.85
-7.983925505,0.887833544,0.85,0.85,0.85,0.85
-8.033457744,0.892220885,0.85,0.85,0.85,0.85
-8.084234443,0.898774003,0.85,0.85,0.85,0.85
-8.136165111,0.907871288,0.85,0.85,0.85,0.85
-8.188994401,0.91990545,0.85,0.85,0.85,0.85
-8.242291418,0.935266596,0.85,0.85,0.85,0.85
-8.295468165,0.954317559,0.85,0.85,0.85,0.85
-8.347810185,0.977367822,0.85,0.85,0.85,0.85
-8.398526844,1.004646887,0.85,0.85,0.85,0.85
-8.446810902,1.036281144,0.85,0.85,0.85,0.85
-8.491896798,1.07228007,0.85,0.85,0.85,0.85
-8.533112193,1.112535787,0.85,0.85,0.85,0.85
-8.569911004,1.156839593,0.85,0.85,0.85,0.85
-8.601890938,1.204912474,0.85,0.85,0.85,0.85
-8.62879228,1.256449151,0.85,0.85,0.85,0.85
-8.65048254,1.311162158,0.85,0.85,0.85,0.85
-8.666937766,1.3688152,0.85,0.85,0.85,0.85
-8.678217589,1.429240426,0.85,0.85,0.85,0.85
-8.68444806,1.492330466,0.85,0.85,0.85,0.85
-8.685811534,1.558004255,0.85,0.85,0.85,0.85
-8.682539982,1.626160128,0.85,0.85,0.85,0.85
-8.674911893,1.696627981,0.85,0.85,0.85,0.85
-8.663252247,1.769129432,0.85,0.85,0.85,0.85
-8.6479265,1.843271358,0.85,0.85,0.85,0.85
-8.629338897,1.918557217,0.85,0.85,0.85,0.85
-8.607923989,1.99443512,0.85,0.85,0.85,0.85
-8.584141125,2.070353263,0.85,0.85,0.85,0.85
-8.558469689,2.145811975,0.85,0.85,0.85,0.85
-8.531405727,2.220410949,0.85,0.85,0.85,0.85
-8.503458421,2.293869265,0.85,0.85,0.85,0.85
-8.475145355,2.366024681,0.85,0.85,0.85,0.85
-8.446983527,2.436819086,0.85,0.85,0.85,0.85
-8.41947615,2.506272021,0.85,0.85,0.85,0.85
-8.3930972,2.574459968,0.85,0.85,0.85,0.85
-8.368276494,2.641502213,0.85,0.85,0.85,0.85
-8.3453862,2.707558878,0.85,0.85,0.85,0.85
-8.324735898,2.772838381,0.85,0.85,0.85,0.85
-8.306575426,2.837602054,0.85,0.85,0.85,0.85
-8.291100257,2.902163887,0.85,0.85,0.85,0.85
-8.278465492,2.966878476,0.85,0.85,0.85,0.85
-8.268799535,3.032114652,0.85,0.85,0.85,0.85
-8.262213867,3.098213388,0.85,0.85,0.85,0.85
-8.25880854,3.165440131,0.85,0.85,0.85,0.85
-8.258671668,3.233939811,0.85,0.85,0.85,0.85
-8.261876371,3.303696574,0.85,0.85,0.85,0.85
-8.268475182,3.374517834,0.85,0.85,0.85,0.85
-8.278497125,3.446033471,0.85,0.85,0.85,0.85
-8.291946864,3.51771458,0.85,0.85,0.85,0.85
-8.308804826,3.588911906,0.85,0.85,0.85,0.85
-8.329028304,3.658902427,0.85,0.85,0.85,0.85
-8.352547661,3.726938073,0.85,0.85,0.85,0.85
-8.379260444,3.792293847,0.85,0.85,0.85,0.85
-8.409020539,3.854307762,0.85,0.85,0.85,0.85
-8.441625727,3.912412776,0.85,0.85,0.85,0.85
-8.476807501,3.966160554,0.85,0.85,0.85,0.85
-8.514227531,4.015236251,0.85,0.85,0.85,0.85
-8.553484124,4.059468808,0.85,0.85,0.85,0.85
-8.594131327,4.098832276,0.85,0.85,0.85,0.85
-8.635704969,4.13344237,0.85,0.85,0.85,0.85
-8.67775836,4.163541316,0.85,0.85,0.85,0.85
-8.719895119,4.189479084,0.85,0.85,0.85,0.85
-8.761797525,4.211685007,0.85,0.85,0.85,0.85
-8.803243112,4.230633798,0.85,0.85,0.85,0.85
-8.844109527,4.246812446,0.85,0.85,0.85,0.85
-8.884371283,4.260681263,0.85,0.85,0.85,0.85
-8.924085924,4.27264648,0.85,0.85,0.85,0.85
-8.963378896,4.283033879,0.85,0.85,0.85,0.85
-9.002427194,4.292074258,0.85,0.85,0.85,0.85
-9.041450702,4.299901093,0.85,0.85,0.85,0.85
-9.080702796,4.306549436,0.85,0.85,0.85,0.85
-9.120467822,4.311966641,0.85,0.85,0.85,0.85
-9.161055249,4.316031743,0.85,0.85,0.85,0.85
-9.202790401,4.318568105,0.85,0.85,0.85,0.85
-9.245999891,4.319368002,0.85,0.85,0.85,0.85
-9.290986027,4.318208239,0.85,0.85,0.85,0.85
-9.337994512,4.31486593,0.85,0.85,0.85,0.85
-9.387178376,4.309129551,0.85,0.85,0.85,0.85
-9.438564504,4.300805259,0.85,0.85,0.85,0.85
-9.492027921,4.289721953,0.85,0.85,0.85,0.85
-9.547287669,4.275733402,0.85,0.85,0.85,0.85
-9.603916943,4.258719026,0.85,0.85,0.85,0.85
-9.661376165,4.238587236,0.85,0.85,0.85,0.85
-9.719063001,4.215283804,0.85,0.85,0.85,0.85
-9.776370182,4.188801736,0.85,0.85,0.85,0.85
-9.832741995,4.159193675,0.85,0.85,0.85,0.85
-9.887720395,4.12658574,0.85,0.85,0.85,0.85
-9.940974379,4.091184186,0.85,0.85,0.85,0.85
-9.992310193,4.053277152,0.85,0.85,0.85,0.85
-10.04166394,4.013226794,0.85,0.85,0.85,0.85
-10.08908117,3.971450543,0.85,0.85,0.85,0.85
-10.13468953,3.928394681,0.85,0.85,0.85,0.85
-10.17867001,3.88450599,0.85,0.85,0.85,0.85
-10.22123128,3.84020098,0.85,0.85,0.85,0.85
-10.2625893,3.795842755,0.85,0.85,0.85,0.85
-10.30295279,3.751725954,0.85,0.85,0.85,0.85
-10.34251403,3.708070155,0.85,0.85,0.85,0.85
-10.38144366,3.665021938,0.85,0.85,0.85,0.85
-10.41988844,3.62266326,0.85,0.85,0.85,0.85
-10.45797041,3.581023344,0.85,0.85,0.85,0.85
-10.49578925,3.54008952,0.85,0.85,0.85,0.85
-10.53342263,3.499820083,0.85,0.85,0.85,0.85
-10.5709289,3.460153493,0.85,0.85,0.85,0.85
-10.60835112,3.421015609,0.85,0.85,0.85,0.85
-10.64572032,3.382326789,0.85,0.85,0.85,0.85
-10.68305727,3.344007282,0.85,0.85,0.85,0.85
-10.72037544,3.305981295,0.85,0.85,0.85,0.85
-10.75768252,3.268181202,0.85,0.85,0.85,0.85
-10.79498348,3.230548367,0.85,0.85,0.85,0.85
-10.83228233,3.193034868,0.85,0.85,0.85,0.85
-10.8695804,3.155603706,0.85,0.85,0.85,0.85
-10.90687929,3.118226437,0.85,0.85,0.85,0.85
-10.94418043,3.080884097,0.85,0.85,0.85,0.85
-10.98148714,3.043562956,0.85,0.85,0.85,0.85
-11.01880365,3.006254701,0.85,0.85,0.85,0.85
-11.05613691,2.968955582,0.85,0.85,0.85,0.85
-11.0934976,2.93166403,0.85,0.85,0.85,0.85
-11.13090112,2.894381979,0.85,0.85,0.85,0.85
-11.16836915,2.857114686,0.85,0.85,0.85,0.85
-11.20592946,2.819872592,0.85,0.85,0.85,0.85
-11.24361615,2.782671972,0.85,0.85,0.85,0.85
-11.281468,2.745538629,0.85,0.85,0.85,0.85
-11.31952646,2.708509891,0.85,0.85,0.85,0.85
-11.35783189,2.671637817,0.85,0.85,0.85,0.85
-11.3964227,2.634988917,0.85,0.85,0.85,0.85
-11.43533313,2.598644681,0.85,0.85,0.85,0.85
-11.47459498,2.562698387,0.85,0.85,0.85,0.85
-11.51424412,2.527247557,0.85,0.85,0.85,0.85
-11.55433034,2.492383657,0.85,0.85,0.85,0.85
-11.59492795,2.458181586,0.85,0.85,0.85,0.85
-11.63614932,2.424685907,0.85,0.85,0.85,0.85
-11.67815224,2.391902211,0.85,0.85,0.85,0.85
-11.72114074,2.359793021,0.85,0.85,0.85,0.85
-11.76535627,2.328280651,0.85,0.85,0.85,0.85
-11.81105782,2.297258384,0.85,0.85,0.85,0.85
-11.8584926,2.266608813,0.85,0.85,0.85,0.85
-11.9078624,2.236225483,0.85,0.85,0.85,0.85
-11.95929267,2.206032456,0.85,0.85,0.85,0.85
-12.01280593,2.176002169,0.85,0.85,0.85,0.85
-12.06831162,2.146161122,0.85,0.85,0.85,0.85
-12.1256092,2.1165879,0.85,0.85,0.85,0.85
-12.18440639,2.087400908,0.85,0.85,0.85,0.85
-12.24434869,2.058741953,0.85,0.85,0.85,0.85
-12.30505436,2.030755237,0.85,0.85,0.85,0.85
-12.36614916,2.003569289,0.85,0.85,0.85,0.85
-12.42729468,1.977283752,0.85,0.85,0.85,0.85
-12.48820528,1.95196384,0.85,0.85,0.85,0.85
-12.54865645,1.927640646,0.85,0.85,0.85,0.85
-12.60848184,1.904317349,0.85,0.85,0.85,0.85
-12.66756065,1.881981647,0.85,0.85,0.85,0.85
-12.72580368,1.860616281,0.85,0.85,0.85,0.85
-12.78313961,1.840210213,0.85,0.85,0.85,0.85
-12.83950229,1.820765914,0.85,0.85,0.85,0.85
-12.89482726,1.802302648,0.85,0.85,0.85,0.85
-12.94905274,1.784852493,0.85,0.85,0.85,0.85
-13.00212856,1.768455624,0.85,0.85,0.85,0.85
-13.0540278,1.753148437,0.85,0.85,0.85,0.85
-13.10475902,1.738956243,0.85,0.85,0.85,0.85
-13.15437289,1.725883402,0.85,0.85,0.85,0.85
-13.20296418,1.713911871,0.85,0.85,0.85,0.85
-13.25066302,1.703002518,0.85,0.85,0.85,0.85
-13.29762142,1.693104126,0.85,0.85,0.85,0.85
-13.34399503,1.684164964,0.85,0.85,0.85,0.85
-13.38992501,1.676145844,0.85,0.85,0.85,0.85
-13.43552822,1.669031142,0.85,0.85,0.85,0.85
-13.48089214,1.66283763,0.85,0.85,0.85,0.85
-13.52608462,1.65761503,0.85,0.85,0.85,0.85
-13.57116796,1.65344453,0.85,0.85,0.85,0.85
-13.61621735,1.65043162,0.85,0.85,0.85,0.85
-13.66133954,1.648698154,0.85,0.85,0.85,0.85
-13.7066871,1.648374726,0.85,0.85,0.85,0.85
-13.75245954,1.6495976,0.85,0.85,0.85,0.85
-13.7988979,1.652513664,0.85,0.85,0.85,0.85
-13.84626344,1.657289186,0.85,0.85,0.85,0.85
-13.89480678,1.664121719,0.85,0.85,0.85,0.85
-13.94472942,1.673253383,0.85,0.85,0.85,0.85
-13.99614043,1.684988075,0.85,0.85,0.85,0.85
-14.04901718,1.699696305,0.85,0.85,0.85,0.85
-14.1031726,1.717816963,0.85,0.85,0.85,0.85
-14.15823976,1.739845455,0.85,0.85,0.85,0.85
-14.21367063,1.766313206,0.85,0.85,0.85,0.85
-14.2687571,1.797750689,0.85,0.85,0.85,0.85
-14.32266793,1.834642024,0.85,0.85,0.85,0.85
-14.37449755,1.877372146,0.85,0.85,0.85,0.85
-14.42332014,1.926177114,0.85,0.85,0.85,0.85
-14.46824213,1.981101168,0.85,0.85,0.85,0.85
-14.50844831,2.041969841,0.85,0.85,0.85,0.85
-14.54323946,2.108382876,0.85,0.85,0.85,0.85
-14.57205513,2.179731024,0.85,0.85,0.85,0.85
-14.59449633,2.255224872,0.85,0.85,0.85,0.85
-14.61033329,2.333938757,0.85,0.85,0.85,0.85
-14.61950674,2.414858923,0.85,0.85,0.85,0.85
-14.62212474,2.496927362,0.85,0.85,0.85,0.85
-14.6184504,2.579082904,0.85,0.85,0.85,0.85
-14.60887533,2.660303108,0.85,0.85,0.85,0.85
-14.59389339,2.739642999,0.85,0.85,0.85,0.85
-14.57405748,2.816280168,0.85,0.85,0.85,0.85
-14.54993819,2.889560169,0.85,0.85,0.85,0.85
-14.52207989,2.959039349,0.85,0.85,0.85,0.85
-14.49096512,3.02451644,0.85,0.85,0.85,0.85
-14.45698445,3.086043372,0.85,0.85,0.85,0.85
-14.42042494,3.143912014,0.85,0.85,0.85,0.85
-14.38146672,3.1986144,0.85,0.85,0.85,0.85
-14.34019559,3.250783746,0.85,0.85,0.85,0.85
-14.29663077,3.301120826,0.85,0.85,0.85,0.85
-14.25075178,3.350322631,0.85,0.85,0.85,0.85
-14.20253391,3.399018286,0.85,0.85,0.85,0.85
-14.15197737,3.447721878,0.85,0.85,0.85,0.85
-14.09913541,3.496804203,0.85,0.85,0.85,0.85
-14.04413032,3.546485676,0.85,0.85,0.85,0.85
-13.98716226,3.596843293,0.85,0.85,0.85,0.85
-13.92850861,3.647830156,0.85,0.85,0.85,0.85
-13.86851564,3.699303104,0.85,0.85,0.85,0.85
-13.80758184,3.75104904,0.85,0.85,0.85,0.85
-13.7461386,3.802815936,0.85,0.85,0.85,0.85
-13.68462617,3.8543427,0.85,0.85,0.85,0.85
-13.62347007,3.905378798,0.85,0.85,0.85,0.85
-13.5630602,3.955699874,0.85,0.85,0.85,0.85
-13.50373163,4.005124215,0.85,0.85,0.85,0.85
-13.44575473,4.053514408,0.85,0.85,0.85,0.85
-13.38932888,4.100780691,0.85,0.85,0.85,0.85
-13.33458423,4.146878188,0.85,0.85,0.85,0.85
-13.28158662,4.191804651,0.85,0.85,0.85,0.85
-13.23034555,4.235598363,0.85,0.85,0.85,0.85
-13.18082314,4.278337171,0.85,0.85,0.85,0.85
-13.13294164,4.320140444,0.85,0.85,0.85,0.85
-13.08658939,4.361173357,0.85,0.85,0.85,0.85
-13.04162606,4.401652216,0.85,0.85,0.85,0.85
-12.997888,4.441849338,0.85,0.85,0.85,0.85
-12.95519424,4.482096661,0.85,0.85,0.85,0.85
-12.91335098,4.522786879,0.85,0.85,0.85,0.85
-12.87216943,4.564359916,0.85,0.85,0.85,0.85
-12.83147831,4.607286404,0.85,0.85,0.85,0.85
-12.79114385,4.652035886,0.85,0.85,0.85,0.85
-12.75108866,4.699037283,0.85,0.85,0.85,0.85
-12.7113126,4.748629648,0.85,0.85,0.85,0.85
-12.67190024,4.801018773,0.85,0.85,0.85,0.85
-12.63302848,4.856234254,0.85,0.85,0.85,0.85
-12.59495627,4.914108413,0.85,0.85,0.85,0.85
-12.55800553,4.974276249,0.85,0.85,0.85,0.85
-12.52253066,5.036201395,0.85,0.85,0.85,0.85
-12.48888419,5.099224478,0.85,0.85,0.85,0.85
-12.45737916,5.16263135,0.85,0.85,0.85,0.85
-12.42826117,5.225719846,0.85,0.85,0.85,0.85
-12.40168642,5.287869942,0.85,0.85,0.85,0.85
-12.3777106,5.348595232,0.85,0.85,0.85,0.85
-12.35629636,5.40757161,0.85,0.85,0.85,0.85
-12.33732494,5.464643999,0.85,0.85,0.85,0.85
-12.32061714,5.519812138,0.85,0.85,0.85,0.85
-12.30595498,5.573202662,0.85,0.85,0.85,0.85
-12.29310572,5.625034519,0.85,0.85,0.85,0.85
-12.28183733,5.675579022,0.85,0.85,0.85,0.85
-12.27193418,5.725131653,0.85,0.85,0.85,0.85
-12.26320414,5.773982492,0.85,0.85,0.85,0.85
-12.25548606,5.822401476,0.85,0.85,0.85,0.85
-12.24865288,5.870626075,0.85,0.85,0.85,0.85
-12.24261387,5.918853786,0.85,0.85,0.85,0.85
-12.23731736,5.967244521,0.85,0.85,0.85,0.85
-12.23274952,6.015917908,0.85,0.85,0.85,0.85
-12.22893433,6.064958932,0.85,0.85,0.85,0.85
-12.22592672,6.114424125,0.85,0.85,0.85,0.85
-12.22380623,6.164346298,0.85,0.85,0.85,0.85
-12.22266504,6.214746025,0.85,0.85,0.85,0.85
-12.22259656,6.265637257,0.85,0.85,0.85,0.85
-12.22368342,6.317034266,0.85,0.85,0.85,0.85
-12.22598922,6.368954699,0.85,0.85,0.85,0.85
-12.22955492,6.421419418,0.85,0.85,0.85,0.85
-12.23440078,6.47444899,0.85,0.85,0.85,0.85
-12.24053542,6.528061941,0.85,0.85,0.85,0.85
-12.24796969,6.582273742,0.85,0.85,0.85,0.85
-12.25673371,6.63709648,0.85,0.85,0.85,0.85
-12.26689165,6.692543922,0.85,0.85,0.85,0.85
-12.27855174,6.748639181,0.85,0.85,0.85,0.85
-12.29187217,6.80541995,0.85,0.85,0.85,0.85
-12.30705324,6.862943861,0.85,0.85,0.85,0.85
-12.32432549,6.921284821,0.85,0.85,0.85,0.85
-12.34392622,6.980523619,0.85,0.85,0.85,0.85
-12.36607396,7.040728822,0.85,0.85,0.85,0.85
-12.39094006,7.101934525,0.85,0.85,0.85,0.85
-12.41862432,7.164110891,0.85,0.85,0.85,0.85
-12.44913676,7.227139397,0.85,0.85,0.85,0.85
-12.48238801,7.290793605,0.85,0.85,0.85,0.85
-12.51819139,7.354733617,0.85,0.85,0.85,0.85
-12.55627373,7.418512788,0.85,0.85,0.85,0.85
-12.59629686,7.481606738,0.85,0.85,0.85,0.85
-12.63788564,7.543448591,0.85,0.85,0.85,0.85
-12.68065852,7.603480345,0.85,0.85,0.85,0.85
-12.72425766,7.661203169,0.85,0.85,0.85,0.85
-12.76837148,7.716222331,0.85,0.85,0.85,0.85
-12.81275224,7.768277424,0.85,0.85,0.85,0.85
-12.85722242,7.817254701,0.85,0.85,0.85,0.85
-12.90167391,7.863182098,0.85,0.85,0.85,0.85
-12.94606444,7.906213212,0.85,0.85,0.85,0.85
-12.99040876,7.946596584,0.85,0.85,0.85,0.85
-13.03477381,7.984651418,0.85,0.85,0.85,0.85
-13.0792711,8.020738259,0.85,0.85,0.85,0.85
-13.12405241,8.05524034,0.85,0.85,0.85,0.85
-13.16930265,8.088548384,0.85,0.85,0.85,0.85
-13.21522477,8.121043884,0.85,0.85,0.85,0.85
-13.2620251,8.153089761,0.85,0.85,0.85,0.85
-13.30989309,8.185016024,0.85,0.85,0.85,0.85
-13.358981,8.21710892,0.85,0.85,0.85,0.85
-13.40938974,8.249600458,0.85,0.85,0.85,0.85
-13.46116014,8.282661712,0.85,0.85,0.85,0.85
-13.51427846,8.316404902,0.85,0.85,0.85,0.85
-13.56868901,8.350888833,0.85,0.85,0.85,0.85
-13.62431441,8.386131477,0.85,0.85,0.85,0.85
-13.68107884,8.42212458,0.85,0.85,0.85,0.85
-13.73892795,8.458848581,0.85,0.85,0.85,0.85
-13.79784016,8.496282365,0.85,0.85,0.85,0.85
-13.85782624,8.534406741,0.85,0.85,0.85,0.85
-13.9189208,8.573205323,0.85,0.85,0.85,0.85
-13.98116648,8.612658074,0.85,0.85,0.85,0.85
-14.04459241,8.652733121,0.85,0.85,0.85,0.85
-14.10919949,8.693379556,0.85,0.85,0.85,0.85
-14.17495054,8.734524137,0.85,0.85,0.85,0.85
-14.2417729,8.776073625,0.85,0.85,0.85,0.85
-14.30956789,8.817922491,0.85,0.85,0.85,0.85
-14.37822773,8.859964964,0.85,0.85,0.85,0.85
-14.44765143,8.90210644,0.85,0.85,0.85,0.85
-14.51775416,8.944273369,0.85,0.85,0.85,0.85
-14.58846734,8.986415979,0.85,0.85,0.85,0.85
-14.6597259,9.028505066,0.85,0.85,0.85,0.85
-14.73144898,9.070521539,0.85,0.85,0.85,0.85
-14.80351864,9.11244445,0.85,0.85,0.85,0.85
-14.8757605,9.154237489,0.85,0.85,0.85,0.85
-14.94793885,9.195840318,0.85,0.85,0.85,0.85
-15.01975936,9.237164859,0.85,0.85,0.85,0.85
-15.09088698,9.278098096,0.85,0.85,0.85,0.85
-15.16097638,9.318513204,0.85,0.85,0.85,0.85
-15.2297051,9.358283651,0.85,0.85,0.85,0.85
-15.29680777,9.397300073,0.85,0.85,0.85,0.85
-15.36210662,9.435487107,0.85,0.85,0.85,0.85
-15.42553434,9.472817786,0.85,0.85,0.85,0.85
-15.48714982,9.5093248,0.85,0.85,0.85,0.85
-15.54714163,9.54510357,0.85,0.85,0.85,0.85
-15.60582233,9.580309956,0.85,0.85,0.85,0.85
-15.66361022,9.615148694,0.85,0.85,0.85,0.85
-15.72100114,9.649853581,0.85,0.85,0.85,0.85
-15.77853035,9.684660566,0.85,0.85,0.85,0.85
-15.83672542,9.71977393,0.85,0.85,0.85,0.85
-15.89605598,9.755332683,0.85,0.85,0.85,0.85
-15.95688803,9.791379827,0.85,0.85,0.85,0.85
-16.01944034,9.827839862,0.85,0.85,0.85,0.85
-16.08375975,9.864508507,0.85,0.85,0.85,0.85
-16.149706,9.901059433,0.85,0.85,0.85,0.85
-16.21696238,9.937065078,0.85,0.85,0.85,0.85
-16.28506162,9.972032811,0.85,0.85,0.85,0.85
-16.35342837,10.00544953,0.85,0.85,0.85,0.85
-16.42143684,10.03682728,0.85,0.85,0.85,0.85
-16.48847143,10.06574537,0.85,0.85,0.85,0.85
-16.55399246,10.09188029,0.85,0.85,0.85,0.85
-16.61758958,10.11501983,0.85,0.85,0.85,0.85
-16.67902243,10.13506256,0.85,0.85,0.85,0.85
-16.738248,10.1519953,0.85,0.85,0.85,0.85
-16.79542159,10.16586484,0.85,0.85,0.85,0.85
-16.85088312,10.17673685,0.85,0.85,0.85,0.85
-16.90512126,10.18465706,0.85,0.85,0.85,0.85
-16.95872756,10.18961377,0.85,0.85,0.85,0.85
-17.01233706,10.19150954,0.85,0.85,0.85,0.85
-17.06656747,10.19013981,0.85,0.85,0.85,0.85
-17.12195861,10.18518357,0.85,0.85,0.85,0.85
-17.17891775,10.17620327,0.85,0.85,0.85,0.85
-17.23767828,10.16265756,0.85,0.85,0.85,0.85
-17.29827272,10.14392206,0.85,0.85,0.85,0.85
-17.36052718,10.11932519,0.85,0.85,0.85,0.85
-17.42407631,10.08819465,0.85,0.85,0.85,0.85
-17.48839754,10.04991111,0.85,0.85,0.85,0.85
-17.55286429,10.00396998,0.85,0.85,0.85,0.85
-17.61680621,9.950039472,0.85,0.85,0.85,0.85
-17.67957132,9.888006394,0.85,0.85,0.85,0.85
-17.74058172,9.818007292,0.85,0.85,0.85,0.85
-17.79937991,9.740432438,0.85,0.85,0.85,0.85
-17.85565621,9.655902059,0.85,0.85,0.85,0.85
-17.90925568,9.565227242,0.85,0.85,0.85,0.85
-17.96016979,9.469345223,0.85,0.85,0.85,0.85
-18.00851465,9.369253203,0.85,0.85,0.85,0.85
-18.05449664,9.265941623,0.85,0.85,0.85,0.85
-18.0983741,9.16033998,0.85,0.85,0.85,0.85
-18.14041849,9.053277287,0.85,0.85,0.85,0.85
-18.18087951,8.945465029,0.85,0.85,0.85,0.85
-18.21995435,8.837499245,0.85,0.85,0.85,0.85
-18.25776625,8.729882557,0.85,0.85,0.85,0.85
-18.29435306,8.623056513,0.85,0.85,0.85,0.85
-18.32966631,8.517440319,0.85,0.85,0.85,0.85
-18.36357922,8.41346398,0.85,0.85,0.85,0.85
-18.3959053,8.311592074,0.85,0.85,0.85,0.85
-18.4264232,8.212326216,0.85,0.85,0.85,0.85
-18.45490781,8.116187896,0.85,0.85,0.85,0.85
-18.4811619,8.023683067,0.85,0.85,0.85,0.85
-18.50504242,7.935256681,0.85,0.85,0.85,0.85
-18.5264835,7.851242376,0.85,0.85,0.85,0.85
-18.54550352,7.77182834,0.85,0.85,0.85,0.85
-18.56220616,7.697031301,0.85,0.85,0.85,0.85
-18.57676896,7.626696256,0.85,0.85,0.85,0.85
-18.58942255,7.560519379,0.85,0.85,0.85,0.85
-18.6004285,7.49807998,0.85,0.85,0.85,0.85
-18.61005557,7.438886797,0.85,0.85,0.85,0.85
-18.61855866,7.382423394,0.85,0.85,0.85,0.85
-18.6261653,7.328185095,0.85,0.85,0.85,0.85
-18.63306722,7.275706564,0.85,0.85,0.85,0.85
-18.63941831,7.224579209,0.85,0.85,0.85,0.85
-18.64533726,7.174455585,0.85,0.85,0.85,0.85
-18.65091331,7.125046571,0.85,0.85,0.85,0.85
-18.65621324,7.076113561,0.85,0.85,0.85,0.85
-18.66128855,7.027460509,0.85,0.85,0.85,0.85
-18.66617976,6.978929137,0.85,0.85,0.85,0.85
-18.6709209,6.930393286,0.85,0.85,0.85,0.85
-18.67554066,6.88176093,0.85,0.85,0.85,0.85
-18.68006227,6.832974735,0.85,0.85,0.85,0.85
-18.68450233,6.784014561,0.85,0.85,0.85,0.85
-18.6888696,6.734897924,0.85,0.85,0.85,0.85
-18.69316474,6.685675996,0.85,0.85,0.85,0.85
-18.69737963,6.636426589,0.85,0.85,0.85,0.85
-18.70150029,6.587246497,0.85,0.85,0.85,0.85
-18.70551018,6.538231408,0.85,0.85,0.85,0.85
-18.70939214,6.489467463,0.85,0.85,0.85,0.85
-18.7131316,6.441018041,0.85,0.85,0.85,0.85
-18.71671776,6.392916893,0.85,0.85,0.85,0.85
-18.7201426,6.345167746,0.85,0.85,0.85,0.85
-18.72339697,6.297751467,0.85,0.85,0.85,0.85
-18.72646605,6.250636403,0.85,0.85,0.85,0.85
-18.72932457,6.203790634,0.85,0.85,0.85,0.85
-18.73193368,6.157192502,0.85,0.85,0.85,0.85
-18.73424035,6.110838112,0.85,0.85,0.85,0.85
-18.73618189,6.064741154,0.85,0.85,0.85,0.85
-18.73769382,6.018929502,0.85,0.85,0.85,0.85
-18.73872183,5.973436617,0.85,0.85,0.85,0.85
-18.73923196,5.928298391,0.85,0.85,0.85,0.85
-18.73922012,5.883548885,0.85,0.85,0.85,0.85
-18.73871744,5.839221115,0.85,0.85,0.85,0.85
-18.73778973,5.795349423,0.85,0.85,0.85,0.85
-18.73653032,5.751972032,0.85,0.85,0.85,0.85
-18.73505011,5.709127351,0.85,0.85,0.85,0.85
-18.7334627,5.666852982,0.85,0.85,0.85,0.85
-18.7318711,5.625176789,0.85,0.85,0.85,0.85
-18.73035609,5.584108169,0.85,0.85,0.85,0.85
-18.72896851,5.543630721,0.85,0.85,0.85,0.85
-18.7277262,5.503698526,0.85,0.85,0.85,0.85
-18.72661612,5.464235268,0.85,0.85,0.85,0.85
-18.72559879,5.425142638,0.85,0.85,0.85,0.85
-18.72461692,5.386307864,0.85,0.85,0.85,0.85
-18.723605,5.34761498,0.85,0.85,0.85,0.85
-18.72249933,5.308956368,0.85,0.85,0.85,0.85
-18.7212474,5.270243166,0.85,0.85,0.85,0.85
-18.71981576,5.231413343,0.85,0.85,0.85,0.85
-18.7181952,5.192436972,0.85,0.85,0.85,0.85
-18.71640357,5.153314966,0.85,0.85,0.85,0.85
-18.71448297,5.114079556,0.85,0.85,0.85,0.85
-18.71249505,5.074785899,0.85,0.85,0.85,0.85
-18.71051276,5.035502922,0.85,0.85,0.85,0.85
-18.70861065,4.996302809,0.85,0.85,0.85,0.85
-18.70685538,4.95725092,0.85,0.85,0.85,0.85
-18.70529814,4.918397759,0.85,0.85,0.85,0.85
-18.70397039,4.879774662,0.85,0.85,0.85,0.85
-18.7028819,4.841390783,0.85,0.85,0.85,0.85
-18.70202433,4.803237812,0.85,0.85,0.85,0.85
-18.70137499,4.765293073,0.85,0.85,0.85,0.85
-18.70090246,4.727525146,0.85,0.85,0.85,0.85
-18.70057199,4.68989928,0.85,0.85,0.85,0.85
-18.70034986,4.652381751,0.85,0.85,0.85,0.85
-18.70020623,4.614942724,0.85,0.85,0.85,0.85
-18.70011627,4.577557362,0.85,0.85,0.85,0.85
-18.70006123,4.540206932,0.85,0.85,0.85,0.85
-18.70002686,4.50287716,0.85,0.85,0.85,0.85
-18.70000232,4.465557228,0.85,0.85,0.85,0.85
-18.69997869,4.428238198,0.85,0.85,0.85,0.85
-18.6999472,4.390911346,0.85,0.85,0.85,0.85
-18.69989707,4.353565381,0.85,0.85,0.85,0.85
-18.69981466,4.316186428,0.85,0.85,0.85,0.85
-18.69968157,4.278755505,0.85,0.85,0.85,0.85
-18.69947313,4.241246694,0.85,0.85,0.85,0.85
-18.69915816,4.203626675,0.85,0.85,0.85,0.85
-18.69869894,4.165853114,0.85,0.85,0.85,0.85
-18.69805429,4.127878642,0.85,0.85,0.85,0.85
-18.69718117,4.0896498,0.85,0.85,0.85,0.85
-18.69603906,4.051110697,0.85,0.85,0.85,0.85
-18.69459333,4.012203953,0.85,0.85,0.85,0.85
-18.69282061,3.972876652,0.85,0.85,0.85,0.85
-18.69070975,3.933079265,0.85,0.85,0.85,0.85
-18.68826209,3.892766371,0.85,0.85,0.85,0.85
-18.68549006,3.851897419,0.85,0.85,0.85,0.85
-18.68241334,3.810435595,0.85,0.85,0.85,0.85
-18.67905404,3.768347065,0.85,0.85,0.85,0.85
-18.67543187,3.725600255,0.85,0.85,0.85,0.85
-18.67156241,3.682170244,0.85,0.85,0.85,0.85
-18.66745472,3.638038842,0.85,0.85,0.85,0.85
-18.66311126,3.59319614,0.85,0.85,0.85,0.85
-18.65853125,3.547645419,0.85,0.85,0.85,0.85
-18.65371174,3.501401086,0.85,0.85,0.85,0.85
-18.6486495,3.45448695,0.85,0.85,0.85,0.85
-18.64334411,3.40693692,0.85,0.85,0.85,0.85
-18.63779774,3.35878975,0.85,0.85,0.85,0.85
-18.63201501,3.310085532,0.85,0.85,0.85,0.85
-18.62600432,3.260866592,0.85,0.85,0.85,0.85
-18.61977614,3.211173547,0.85,0.85,0.85,0.85
-18.61334288,3.161044137,0.85,0.85,0.85,0.85
-18.60671742,3.110514196,0.85,0.85,0.85,0.85
-18.59991266,3.059617572,0.85,0.85,0.85,0.85
-18.59294008,3.008383459,0.85,0.85,0.85,0.85
-18.58580927,2.956837869,0.85,0.85,0.85,0.85
-18.578526,2.905003587,0.85,0.85,0.85,0.85
-18.57108914,2.852901342,0.85,0.85,0.85,0.85
-18.56348884,2.800551972,0.85,0.85,0.85,0.85
-18.55569879,2.747978795,0.85,0.85,0.85,0.85
-18.54766902,2.695212498,0.85,0.85,0.85,0.85
-18.53931312,2.642294975,0.85,0.85,0.85,0.85
-18.53049261,2.589284016,0.85,0.85,0.85,0.85
-18.52099895,2.536257781,0.85,0.85,0.85,0.85
-18.51053537,2.483316917,0.85,0.85,0.85,0.85
-18.49870562,2.43058831,0.85,0.85,0.85,0.85
-18.48500718,2.378222316,0.85,0.85,0.85,0.85
-18.46884358,2.32638938,0.85,0.85,0.85,0.85
-18.44954872,2.275266257,0.85,0.85,0.85,0.85
-18.42643299,2.225020234,0.85,0.85,0.85,0.85
-18.39883827,2.175781859,0.85,0.85,0.85,0.85
-18.36620681,2.127624002,0.85,0.85,0.85,0.85
-18.3281412,2.080529673,0.85,0.85,0.85,0.85
-18.28445493,2.034370067,0.85,0.85,0.85,0.85
-18.23519933,1.988886154,0.85,0.85,0.85,0.85
-18.18066791,1.943689058,0.85,0.85,0.85,0.85
-18.12137328,1.898271341,0.85,0.85,0.85,0.85
-18.05800421,1.852035901,0.85,0.85,0.85,0.85
-17.99137193,1.80434336,0.85,0.85,0.85,0.85
-17.92235335,1.754572469,0.85,0.85,0.85,0.85
-17.85183884,1.702188926,0.85,0.85,0.85,0.85
-17.78068812,1.646812058,0.85,0.85,0.85,0.85
-17.70969922,1.588277513,0.85,0.85,0.85,0.85
-17.63958541,1.52667753,0.85,0.85,0.85,0.85
-17.57095867,1.462372201,0.85,0.85,0.85,0.85
-17.50432155,1.395974607,0.85,0.85,0.85,0.85
-17.44006128,1.32830041,0.85,0.85,0.85,0.85
-17.37844701,1.26029004,0.85,0.85,0.85,0.85
-17.31963365,1.192920516,0.85,0.85,0.85,0.85
-17.26366784,1.127110839,0.85,0.85,0.85,0.85
-17.21049668,1.063636514,0.85,0.85,0.85,0.85
-17.15998369,1.003071533,0.85,0.85,0.85,0.85
-17.11192303,0.945755157,0.85,0.85,0.85,0.85
-17.06605955,0.891788938,0.85,0.85,0.85,0.85
-17.02210399,0.841063139,0.85,0.85,0.85,0.85
-16.97975167,0.793303874,0.85,0.85,0.85,0.85
-16.93869672,0.748126662,0.85,0.85,0.85,0.85
-16.89864231,0.705093809,0.85,0.85,0.85,0.85
-16.85930833,0.663763768,0.85,0.85,0.85,0.85
-16.82043155,0.623729387,0.85,0.85,0.85,0.85
-16.78176313,0.584640077,0.85,0.85,0.85,0.85
-16.74306104,0.546213029,0.85,0.85,0.85,0.85
-16.70408229,0.508233678,0.85,0.85,0.85,0.85
-16.66457635,0.470548949,0.85,0.85,0.85,0.85
-16.62428285,0.433058024,0.85,0.85,0.85,0.85
-16.58293601,0.395704018,0.85,0.85,0.85,0.85
-16.54027376,0.358462892,0.85,0.85,0.85,0.85
-16.49606092,0.321342575,0.85,0.85,0.85,0.85
-16.45011039,0.284378479,0.85,0.85,0.85,0.85
-16.40231159,0.247635682,0.85,0.85,0.85,0.85
-16.35265207,0.21120847,0.85,0.85,0.85,0.85
-16.30123563,0.175222145,0.85,0.85,0.85,0.85
-16.24828474,0.139829787,0.85,0.85,0.85,0.85
-16.19413171,0.105210035,0.85,0.85,0.85,0.85
-16.13919174,0.071555927,0.85,0.85,0.85,0.85
-16.08392518,0.039062599,0.85,0.85,0.85,0.85
-16.02878746,0.007908217,0.85,0.85,0.85,0.85
-15.97418158,-0.021761847,0.85,0.85,0.85,0.85
-15.92041246,-0.04985277,0.85,0.85,0.85,0.85
-15.86765527,-0.076332331,0.85,0.85,0.85,0.85
-15.81594199,-0.101235726,0.85,0.85,0.85,0.85
-15.76516738,-0.124663155,0.85,0.85,0.85,0.85
-15.71511471,-0.146768461,0.85,0.85,0.85,0.85
-15.66549463,-0.167742614,0.85,0.85,0.85,0.85
-15.61599202,-0.187792563,0.85,0.85,0.85,0.85
-15.56631057,-0.207121165,0.85,0.85,0.85,0.85
-15.51621055,-0.225908659,0.85,0.85,0.85,0.85
-15.4655321,-0.244300599,0.85,0.85,0.85,0.85
-15.41420448,-0.262400302,0.85,0.85,0.85,0.85
-15.36224163,-0.280268632,0.85,0.85,0.85,0.85
-15.30972765,-0.297928664,0.85,0.85,0.85,0.85
-15.25679695,-0.315371123,0.85,0.85,0.85,0.85
-15.20361273,-0.332564579,0.85,0.85,0.85,0.85
-15.15034965,-0.349463912,0.85,0.85,0.85,0.85
-15.09717846,-0.366017403,0.85,0.85,0.85,0.85
-15.0442598,-0.382174611,0.85,0.85,0.85,0.85
-14.99173865,-0.397889896,0.85,0.85,0.85,0.85
-14.93974495,-0.413126268,0.85,0.85,0.85,0.85
-14.88839545,-0.427857834,0.85,0.85,0.85,0.85
-14.83779645,-0.442068317,0.85,0.85,0.85,0.85
-14.78804404,-0.455752289,0.85,0.85,0.85,0.85
-14.73922458,-0.46891258,0.85,0.85,0.85,0.85
-14.69141229,-0.481559175,0.85,0.85,0.85,0.85
-14.64466256,-0.493709487,0.85,0.85,0.85,0.85
-14.59900629,-0.505386333,0.85,0.85,0.85,0.85
-14.55444093,-0.516619818,0.85,0.85,0.85,0.85
-14.51092446,-0.527447521,0.85,0.85,0.85,0.85
-14.46837327,-0.537913604,0.85,0.85,0.85,0.85
-14.42665625,-0.548070922,0.85,0.85,0.85,0.85
-14.3856011,-0.557977932,0.85,0.85,0.85,0.85
-14.34499907,-0.567697083,0.85,0.85,0.85,0.85
-14.30461209,-0.577293163,0.85,0.85,0.85,0.85
-14.26418205,-0.586831575,0.85,0.85,0.85,0.85
-14.22344187,-0.596376225,0.85,0.85,0.85,0.85
-14.18212041,-0.605990787,0.85,0.85,0.85,0.85
-14.13995288,-0.61573751,0.85,0.85,0.85,0.85
-14.09668417,-0.625679345,0.85,0.85,0.85,0.85
-14.05207474,-0.635878649,0.85,0.85,0.85,0.85
-14.00590513,-0.646397629,0.85,0.85,0.85,0.85
-13.95797962,-0.657296317,0.85,0.85,0.85,0.85
-13.90813385,-0.668629152,0.85,0.85,0.85,0.85
-13.85624314,-0.680441108,0.85,0.85,0.85,0.85
-13.80222749,-0.692765265,0.85,0.85,0.85,0.85
-13.74606311,-0.70561794,0.85,0.85,0.85,0.85
-13.68778399,-0.718998213,0.85,0.85,0.85,0.85
-13.6274874,-0.732885681,0.85,0.85,0.85,0.85
-13.565327,-0.747242874,0.85,0.85,0.85,0.85
-13.50150743,-0.762016474,0.85,0.85,0.85,0.85
-13.43627062,-0.777140958,0.85,0.85,0.85,0.85
-13.36988059,-0.792543211,0.85,0.85,0.85,0.85
-13.30260727,-0.80814608,0.85,0.85,0.85,0.85
-13.23471192,-0.823872333,0.85,0.85,0.85,0.85
-13.16643504,-0.839649585,0.85,0.85,0.85,0.85
-13.09798842,-0.855411094,0.85,0.85,0.85,0.85
-13.02955055,-0.871098576,0.85,0.85,0.85,0.85
-12.96126472,-0.886664103,0.85,0.85,0.85,0.85
-12.89324081,-0.902069074,0.85,0.85,0.85,0.85
-12.82555751,-0.91728587,0.85,0.85,0.85,0.85
-12.7582637,-0.932297454,0.85,0.85,0.85,0.85
-12.69138248,-0.947096641,0.85,0.85,0.85,0.85
-12.62491159,-0.961687559,0.85,0.85,0.85,0.85
-12.55882742,-0.976083456,0.85,0.85,0.85,0.85
-12.49308966,-0.990305207,0.85,0.85,0.85,0.85
-12.42763981,-1.004382683,0.85,0.85,0.85,0.85
-12.36241014,-1.018349797,0.85,0.85,0.85,0.85
-12.29732094,-1.032246696,0.85,0.85,0.85,0.85
-12.23228765,-1.046115644,0.85,0.85,0.85,0.85
-12.16722186,-1.060000838,0.85,0.85,0.85,0.85
-12.10203343,-1.073947353,0.85,0.85,0.85,0.85
-12.03663846,-1.087997148,0.85,0.85,0.85,0.85
-11.97096376,-1.102186781,0.85,0.85,0.85,0.85
-11.9049533,-1.116544674,0.85,0.85,0.85,0.85
-11.83857806,-1.131085309,0.85,0.85,0.85,0.85
-11.77183776,-1.145809633,0.85,0.85,0.85,0.85
-11.70476304,-1.160703378,0.85,0.85,0.85,0.85
-11.63741457,-1.175738033,0.85,0.85,0.85,0.85
-11.56987027,-1.190878257,0.85,0.85,0.85,0.85
-11.50221864,-1.206085489,0.85,0.85,0.85,0.85
-11.43454801,-1.221324755,0.85,0.85,0.85,0.85
-11.36693734,-1.236571106,0.85,0.85,0.85,0.85
-11.29945983,-1.251808552,0.85,0.85,0.85,0.85
-11.23218369,-1.267032017,0.85,0.85,0.85,0.85
-11.16518241,-1.282243417,0.85,0.85,0.85,0.85
-11.09854909,-1.297443867,0.85,0.85,0.85,0.85
-11.03240181,-1.312631418,0.85,0.85,0.85,0.85
-10.96689254,-1.327792806,0.85,0.85,0.85,0.85
-10.90219996,-1.342903314,0.85,0.85,0.85,0.85
-10.8385235,-1.357924105,0.85,0.85,0.85,0.85
-10.77606355,-1.372806386,0.85,0.85,0.85,0.85
-10.71500607,-1.387492558,0.85,0.85,0.85,0.85
-10.65550547,-1.401921212,0.85,0.85,0.85,0.85
-10.59767349,-1.416031244,0.85,0.85,0.85,0.85
-10.54157484,-1.42976605,0.85,0.85,0.85,0.85
-10.48722968,-1.443075816,0.85,0.85,0.85,0.85
-10.43462086,-1.455920325,0.85,0.85,0.85,0.85
-10.38370365,-1.468270469,0.85,0.85,0.85,0.85
-10.3344152,-1.480109272,0.85,0.85,0.85,0.85
-10.2866802,-1.491430672,0.85,0.85,0.85,0.85
-10.24041461,-1.502239636,0.85,0.85,0.85,0.85
-10.19552678,-1.512548965,0.85,0.85,0.85,0.85
-10.15191505,-1.522377964,0.85,0.85,0.85,0.85
-10.10946722,-1.53175146,0.85,0.85,0.85,0.85
-10.06806047,-1.540697231,0.85,0.85,0.85,0.85
-10.02756188,-1.549248184,0.85,0.85,0.85,0.85
-9.987836241,-1.55744127,0.85,0.85,0.85,0.85
-9.94874707,-1.565320457,0.85,0.85,0.85,0.85
-9.910167108,-1.572935267,0.85,0.85,0.85,0.85
-9.871979774,-1.58034285,0.85,0.85,0.85,0.85
-9.834084498,-1.587605712,0.85,0.85,0.85,0.85
-9.796399058,-1.594788733,0.85,0.85,0.85,0.85
-9.758858638,-1.601955879,0.85,0.85,0.85,0.85
-9.721413335,-1.609165902,0.85,0.85,0.85,0.85
-9.684028792,-1.616465588,0.85,0.85,0.85,0.85
-9.646679598,-1.623887989,0.85,0.85,0.85,0.85
-9.609348771,-1.63144639,0.85,0.85,0.85,0.85
-9.572022816,-1.639134155,0.85,0.85,0.85,0.85
-9.53468995,-1.646923451,0.85,0.85,0.85,0.85
-9.497338189,-1.654766357,0.85,0.85,0.85,0.85
-9.459951865,-1.662599821,0.85,0.85,0.85,0.85
-9.422511084,-1.670349792,0.85,0.85,0.85,0.85
-9.384991165,-1.677937149,0.85,0.85,0.85,0.85
-9.347360481,-1.685286568,0.85,0.85,0.85,0.85
-9.30958339,-1.692331071,0.85,0.85,0.85,0.85
-9.271621691,-1.699018061,0.85,0.85,0.85,0.85
-9.233438343,-1.705313237,0.85,0.85,0.85,0.85
-9.195001885,-1.711200301,0.85,0.85,0.85,0.85
-9.156290746,-1.716681343,0.85,0.85,0.85,0.85
-9.117296718,-1.721773168,0.85,0.85,0.85,0.85
-9.07802716,-1.726503206,0.85,0.85,0.85,0.85
-9.038503513,-1.73090627,0.85,0.85,0.85,0.85
-8.99875831,-1.735021971,0.85,0.85,0.85,0.85
-8.958830332,-1.738891692,0.85,0.85,0.85,0.85
-8.918759288,-1.742557059,0.85,0.85,0.85,0.85
-8.878581548,-1.746058324,0.85,0.85,0.85,0.85
-8.838325579,-1.749434434,0.85,0.85,0.85,0.85
-8.798014623,-1.752719012,0.85,0.85,0.85,0.85
-8.757664462,-1.755940362,0.85,0.85,0.85,0.85
-8.717285608,-1.759120019,0.85,0.85,0.85,0.85
-8.676884083,-1.762274004,0.85,0.85,0.85,0.85
-8.636461326,-1.765412584,0.85,0.85,0.85,0.85
-8.596013083,-1.768543596,0.85,0.85,0.85,0.85
-8.55552738,-1.771674272,0.85,0.85,0.85,0.85
-8.514985259,-1.774811051,0.85,0.85,0.85,0.85
-8.474358661,-1.777962308,0.85,0.85,0.85,0.85
-8.433611752,-1.781135788,0.85,0.85,0.85,0.85
-8.392702622,-1.784338251,0.85,0.85,0.85,0.85
-8.351585768,-1.787575058,0.85,0.85,0.85,0.85
-8.310214377,-1.790850108,0.85,0.85,0.85,0.85
-8.268546066,-1.794164972,0.85,0.85,0.85,0.85
-8.226544739,-1.797520876,0.85,0.85,0.85,0.85
-8.184184953,-1.80091902,0.85,0.85,0.85,0.85
-8.141454971,-1.804360718,0.85,0.85,0.85,0.85
-8.098357857,-1.8078476,0.85,0.85,0.85,0.85
-8.054909907,-1.811381667,0.85,0.85,0.85,0.85
-8.011140601,-1.814963462,0.85,0.85,0.85,0.85
-7.967085729,-1.818593451,0.85,0.85,0.85,0.85
-7.922783135,-1.822271888,0.85,0.85,0.85,0.85
-7.878268646,-1.825998976,0.85,0.85,0.85,0.85
-7.833571649,-1.82977578,0.85,0.85,0.85,0.85
-7.788717781,-1.833602215,0.85,0.85,0.85,0.85
-7.743726641,-1.837478224,0.85,0.85,0.85,0.85
-7.698614034,-1.841403015,0.85,0.85,0.85,0.85
-7.653393832,-1.845374364,0.85,0.85,0.85,0.85
-7.60807847,-1.849389098,0.85,0.85,0.85,0.85
-7.562679059,-1.853443528,0.85,0.85,0.85,0.85
-7.517204288,-1.857534404,0.85,0.85,0.85,0.85
-7.471660818,-1.861658996,0.85,0.85,0.85,0.85
-7.42605312,-1.865815351,0.85,0.85,0.85,0.85
-7.380383409,-1.870002496,0.85,0.85,0.85,0.85
-7.334653137,-1.87421993,0.85,0.85,0.85,0.85
-7.288866257,-1.878465672,0.85,0.85,0.85,0.85
-7.243031774,-1.882735215,0.85,0.85,0.85,0.85
-7.197166725,-1.887020041,0.85,0.85,0.85,0.85
-7.151296376,-1.891307516,0.85,0.85,0.85,0.85
-7.105457111,-1.89557945,0.85,0.85,0.85,0.85
-7.059692297,-1.899814158,0.85,0.85,0.85,0.85
-7.014045705,-1.903989756,0.85,0.85,0.85,0.85
-6.968559048,-1.908085386,0.85,0.85,0.85,0.85
-6.923264257,-1.912085082,0.85,0.85,0.85,0.85
-6.878179312,-1.915979856,0.85,0.85,0.85,0.85
-6.833304814,-1.919769406,0.85,0.85,0.85,0.85
-6.788627983,-1.923460123,0.85,0.85,0.85,0.85
-6.744124306,-1.927064263,0.85,0.85,0.85,0.85
-6.699761954,-1.93059774,0.85,0.85,0.85,0.85
-6.655508875,-1.934076581,0.85,0.85,0.85,0.85
-6.611335461,-1.937515589,0.85,0.85,0.85,0.85
-6.56721661,-1.940927316,0.85,0.85,0.85,0.85
-6.523132127,-1.944321859,0.85,0.85,0.85,0.85
-6.479066635,-1.947706906,0.85,0.85,0.85,0.85
-6.435007621,-1.951088715,0.85,0.85,0.85,0.85
-6.390948011,-1.954470821,0.85,0.85,0.85,0.85
-6.346885788,-1.957854234,0.85,0.85,0.85,0.85
-6.302825258,-1.9612368,0.85,0.85,0.85,0.85
-6.258778189,-1.964612636,0.85,0.85,0.85,0.85
-6.214765305,-1.967971379,0.85,0.85,0.85,0.85
-6.170815512,-1.971298565,0.85,0.85,0.85,0.85
-6.126969747,-1.97457379,0.85,0.85,0.85,0.85
-6.083280839,-1.977769825,0.85,0.85,0.85,0.85
-6.039813232,-1.980854729,0.85,0.85,0.85,0.85
-5.996643371,-1.983789574,0.85,0.85,0.85,0.85
-5.953850848,-1.986532513,0.85,0.85,0.85,0.85
-5.911514952,-1.989041371,0.85,0.85,0.85,0.85
-5.869700915,-1.991277998,0.85,0.85,0.85,0.85
-5.828453014,-1.993212389,0.85,0.85,0.85,0.85
-5.787780081,-1.994825668,0.85,0.85,0.85,0.85
-5.747653749,-1.996111077,0.85,0.85,0.85,0.85
-5.708002435,-1.99707317,0.85,0.85,0.85,0.85
-5.668700346,-1.997718477,0.85,0.85,0.85,0.85
-5.629586206,-1.998059876,0.85,0.85,0.85,0.85
-5.590449289,-1.998105594,0.85,0.85,0.85,0.85
-5.551031088,-1.997852909,0.85,0.85,0.85,0.85
-5.511022627,-1.997282231,0.85,0.85,0.85,0.85
-5.470063215,-1.996350318,0.85,0.85,0.85,0.85
-5.427740885,-1.994979583,0.85,0.85,0.85,0.85
-5.383600755,-1.993045064,0.85,0.85,0.85,0.85
-5.337158093,-1.99036088,0.85,0.85,0.85,0.85
-5.287925475,-1.98665933,0.85,0.85,0.85,0.85
-5.235447203,-1.981580463,0.85,0.85,0.85,0.85
-5.179342109,-1.974661276,0.85,0.85,0.85,0.85
-5.119352224,-1.965341338,0.85,0.85,0.85,0.85
-5.055389765,-1.952987232,0.85,0.85,0.85,0.85
-4.987574737,-1.936935801,0.85,0.85,0.85,0.85
-4.916258615,-1.91656117,0.85,0.85,0.85,0.85
-4.842024703,-1.891348485,0.85,0.85,0.85,0.85
-4.765654599,-1.860970889,0.85,0.85,0.85,0.85
-4.688062176,-1.825349398,0.85,0.85,0.85,0.85
-4.610197841,-1.784684725,0.85,0.85,0.85,0.85
-4.532933477,-1.739452787,0.85,0.85,0.85,0.85
-4.456947448,-1.690363635,0.85,0.85,0.85,0.85
-4.382631598,-1.638293359,0.85,0.85,0.85,0.85
-4.310041716,-1.584202939,0.85,0.85,0.85,0.85
-4.23890595,-1.52906083,0.85,0.85,0.85,0.85
-4.168693728,-1.473781812,0.85,0.85,0.85,0.85
-4.098735401,-1.419188772,0.85,0.85,0.85,0.85
-4.028368215,-1.365995588,0.85,0.85,0.85,0.85
-3.957082143,-1.314806799,0.85,0.85,0.85,0.85
-3.884630874,-1.266119974,0.85,0.85,0.85,0.85
-3.811095015,-1.22033151,0.85,0.85,0.85,0.85
-3.7368772,-1.177733851,0.85,0.85,0.85,0.85
-3.662643193,-1.13850962,0.85,0.85,0.85,0.85
-3.58921472,-1.102728111,0.85,0.85,0.85,0.85
-3.517442454,-1.070341553,0.85,0.85,0.85,0.85
-3.448081099,-1.041189324,0.85,0.85,0.85,0.85
-3.381687232,-1.015011233,0.85,0.85,0.85,0.85
-3.318548865,-0.991465658,0.85,0.85,0.85,0.85
-3.25866482,-0.970151391,0.85,0.85,0.85,0.85
-3.201751944,-0.95062871,0.85,0.85,0.85,0.85
-3.147295981,-0.932440334,0.85,0.85,0.85,0.85
-3.094619706,-0.915129153,0.85,0.85,0.85,0.85
-3.042945228,-0.898241503,0.85,0.85,0.85,0.85
-2.991487371,-0.881344724,0.85,0.85,0.85,0.85
-2.939514829,-0.86403185,0.85,0.85,0.85,0.85
-2.8864053,-0.845927287,0.85,0.85,0.85,0.85
-2.831683017,-0.826694538,0.85,0.85,0.85,0.85
-2.775038877,-0.806045962,0.85,0.85,0.85,0.85
-2.716331598,-0.783751821,0.85,0.85,0.85,0.85
-2.655576241,-0.759650297,0.85,0.85,0.85,0.85
-2.592920413,-0.733656225,0.85,0.85,0.85,0.85
-2.528614279,-0.705763731,0.85,0.85,0.85,0.85
-2.462981715,-0.676051386,0.85,0.85,0.85,0.85
-2.396394652,-0.644679009,0.85,0.85,0.85,0.85
-2.329252173,-0.611879145,0.85,0.85,0.85,0.85
-2.261966036,-0.577946907,0.85,0.85,0.85,0.85
-2.19494378,-0.54322279,0.85,0.85,0.85,0.85
-2.1285763,-0.50807749,0.85,0.85,0.85,0.85
-2.063220374,-0.472892066,0.85,0.85,0.85,0.85
-1.999179211,-0.438041046,0.85,0.85,0.85,0.85
-1.936683538,-0.403877593,0.85,0.85,0.85,0.85
-1.875878749,-0.37072201,0.85,0.85,0.85,0.85
-1.816821556,-0.338858199,0.85,0.85,0.85,0.85
-1.759489435,-0.308530812,0.85,0.85,0.85,0.85
-1.703801748,-0.279947185,0.85,0.85,0.85,0.85
-1.649648215,-0.253278556,0.85,0.85,0.85,0.85
-1.596917732,-0.228658925,0.85,0.85,0.85,0.85
-1.545522135,-0.206182167,0.85,0.85,0.85,0.85
-1.49540755,-0.185894618,0.85,0.85,0.85,0.85
-1.446552941,-0.16778729,0.85,0.85,0.85,0.85
-1.398959701,-0.151792323,0.85,0.85,0.85,0.85
-1.352631819,-0.137781938,0.85,0.85,0.85,0.85
-1.307558037,-0.125576143,0.85,0.85,0.85,0.85
-1.263694123,-0.114954196,0.85,0.85,0.85,0.85
-1.220955108,-0.105671758,0.85,0.85,0.85,0.85
-1.179215096,-0.097479641,0.85,0.85,0.85,0.85
-1.138312102,-0.09014024,0.85,0.85,0.85,0.85
-1.098059862,-0.083440301,0.85,0.85,0.85,0.85
-1.058261274,-0.07719873,0.85,0.85,0.85,0.85
-1.018723129,-0.071269062,0.85,0.85,0.85,0.85
-0.979273129,-0.065539611,0.85,0.85,0.85,0.85
-0.939773769,-0.059928664,0.85,0.85,0.85,0.85
-0.900140215,-0.054382907,0.85,0.85,0.85,0.85
-0.860353753,-0.048871728,0.85,0.85,0.85,0.85
-0.820480003,-0.043385371,0.85,0.85,0.85,0.85
-0.78068417,-0.037934521,0.85,0.85,0.85,0.85
-0.741247119,-0.032550116,0.85,0.85,0.85,0.85
-0.702576031,-0.027281971,0.85,0.85,0.85,0.85
-0.665210867,-0.022199878,0.85,0.85,0.85,0.85
-0.629819383,-0.017392107,0.85,0.85,0.85,0.85
-0.597177385,-0.012961701,0.85,0.85,0.85,0.85
-0.568134207,-0.009023265,0.85,0.85,0.85,0.85
-0.543559137,-0.005693066,0.85,0.85,0.85,0.85
-0.524274994,-0.00308149,0.85,0.85,0.85,0.85
-0.510984737,-0.001282248,0.85,0.85,0.85,0.85
-0.504203402,-0.000364263,0.85,0.85,0.85,0.85
-0.310542059,0.024967685,0.85,0.85,0.85,0.85
-0.273545811,0.024668535,0.85,0.85,0.85,0.85
-0.221557322,0.039361628,0.85,0.85,0.85,0.85
-0.173836983,0.049786568,0.85,0.85,0.85,0.85
-0.136108485,0.050219669,0.85,0.85,0.85,0.85
